"taxa","PC1","PC2","PC3","PC4","PC5","PC6","PC7","PC8","PC9","PC10","COUNTRY.of.origin","Region"
"1190001",-17.0547197035494,24.7945857521377,-23.5439135867107,-0.816006777218592,9.66036173495565,-22.8887281127233,10.9012576629278,-8.49017001929122,6.48421304957664,-11.6466020289246,NA,"Other/Unknown"
"1190002",-16.8602419753457,24.6450082407869,-23.2737448503123,-0.81853905538637,9.82080596613169,-22.7167851786275,10.8936815134432,-8.21342507737595,6.17727437551222,-11.6497788445656,NA,"Other/Unknown"
"1190003",49.133326429531,10.7483073494632,5.9440014247091,-6.18975810677262,-13.1266454718236,-6.36294821035688,-1.4582107544293,-6.86436942789313,2.57852262917575,-7.14607443391593,NA,"Other/Unknown"
"1190003.1",-13.3143032688771,-22.0622977357404,14.5249692000726,-9.63498478165951,13.9105040649594,-0.967536426428372,2.07442470727903,-11.357274229207,14.1506895905309,2.63363019260252,NA,"Other/Unknown"
"1190004",2.507573723325,12.5034219401785,-16.730509631965,-0.47909863931108,7.27927823912047,-18.2926436919726,7.07281696920567,-9.38412003725841,7.06729745385535,-9.9402214624878,"Iraq","Other/Unknown"
"1190005",-29.8561704527857,33.0693339047527,-30.8681631511332,-3.17180496308433,4.51920131213516,1.05943289820977,11.4369071806496,-6.22213602234642,0.866074031399512,-4.11251452093816,"Australia","Oceania"
"1190006",-19.6506471944299,30.6027145467487,-19.3254824159459,2.14702151406276,17.1177569705851,-2.15498064662252,8.48313787092232,-18.9419806599411,-0.608120402386067,-1.05634739157262,"Australia","Oceania"
"1190007",-20.8744729923474,18.5305578851999,-32.012884966362,-1.91328118187349,-2.95656197644379,1.37443362858681,16.2097363367808,-6.73750754435465,4.07461428807053,-1.8810605415867,"Australia","Oceania"
"1190008",-30.0541518894715,41.8962443791277,-29.8732656149708,-5.31920901878182,9.55557852867941,-10.4189834312073,7.55561102224657,0.0293630496291811,-0.177251202961461,-5.05555182577574,"Portugal","Western/Southern Europe"
"1190009",-37.6046614680687,29.2786302202545,-7.14591179044881,1.25682686622132,12.6880929150258,9.48257736948247,6.19963559757369,-4.59580520802273,0.393552809644074,4.40249677580709,"Portugal","Western/Southern Europe"
"1190010",-12.1295263204233,6.1228649175386,-12.362074809875,2.77594489538248,0.838128725004721,1.78401549517282,10.0699575805628,-6.45721407667997,-0.81875647644956,9.27509193284349,"India","South/Central Asia"
"1190011",12.7784426566984,-25.4253715801404,-15.0723308726863,-4.31819353340308,8.86519045860373,-18.7448564690543,-11.4524530569547,-10.5413354574979,-10.9649528558601,3.38693034069543,"India","South/Central Asia"
"1190012",-17.8257740201629,-30.0042370500028,-9.81771077592522,-1.96184438202836,20.3447636350079,7.87504733451457,10.3301758761224,-15.2473584532135,-10.906319442693,10.0266081199913,"India","South/Central Asia"
"1190013",-31.6946461095331,-3.46957264569106,17.1550551519451,19.9992402125686,-41.1380321458547,-14.6339204277455,-27.9477881623012,-23.3677159701503,28.8269735725176,20.5396001527892,"Bulgaria","Eastern Europe"
"1190014",-6.81190291056519,-46.5922394142485,-12.0458311075284,-10.9827108624446,6.58020628964147,-1.26558223330619,-0.811330072797293,5.64276892439998,10.6557045632332,-3.57557447660414,"Yugoslavia","Eastern Europe"
"1190015",-11.1305034169267,-48.3713406718266,-12.6042050524382,-3.83408525554845,3.94876398635423,0.42545437008825,-0.996006787644535,-3.3138675139531,5.82725819362736,1.47626899297728,"Yugoslavia","Eastern Europe"
"1190016",-19.8808093493053,0.985106186669874,11.0366822382135,-12.2881143460446,-7.05925454324108,0.538262080869222,8.0096051092212,11.264562824125,0.165210190630449,-2.94180948613812,"Spain","Western/Southern Europe"
"1190017",-28.465926820991,9.05247752746972,3.83476795897716,-4.67057231549795,-7.50774621290555,-3.6068529114135,4.65093225672513,5.9350191229345,7.95956032557495,-4.17211102520133,"Spain","Western/Southern Europe"
"1190018",0.812642391568419,-45.6815398487079,-22.2209021795255,2.23146700057617,13.6104672096437,17.821857084681,-8.07088917306178,-24.3211728833089,-37.1786069671993,17.3839072761598,"India","South/Central Asia"
"1190019",0.668997398488824,-45.3370729928349,-22.5942752134027,2.47075658631861,13.4088556293221,17.5403218463522,-8.40519913981053,-24.5664613082504,-36.8644792731318,17.2823932378161,"India","South/Central Asia"
"1190020",0.860512263010666,-45.3669838053862,-22.1453136150258,2.37466056375569,13.269685015647,17.595094893435,-8.12967744542207,-24.3929028833008,-37.0134974571445,17.1995690238821,"India","South/Central Asia"
"1190021",0.863763285794745,-46.1811414909003,-22.776370730458,2.09563477874518,13.5162514438015,17.3319151319009,-7.98128226962579,-24.6682173605252,-37.2522747908828,17.5231496621138,"India","South/Central Asia"
"1190022",-25.6703716428526,24.650621191885,-10.453244201211,-2.94875233633502,-5.80920949904627,-0.663299810006602,6.7543857947325,-2.57410466795338,-4.72902987876087,15.9624317864404,"Australia","Oceania"
"1190023",-24.0785509536632,10.513756010015,-16.535584885883,0.592385604125089,11.2178613912989,6.33259638910945,8.10436959153867,-23.3313127062733,-5.55191380786775,13.3555514362158,"Australia","Oceania"
"1190024",-6.75640391440007,1.16961352056607,-27.8277475767887,4.75708018545185,8.46011168082318,-15.7722298326207,9.36410504763044,-12.7543667466859,-16.9585408402063,2.26318796311066,"Australia","Oceania"
"1190025",-21.1382523271345,16.1786563928052,-32.0196051059314,-1.85952224481076,-2.53423238088297,-0.384808114268662,17.2689600095044,-6.41952316210701,3.57466755380578,0.466821504501308,"Australia","Oceania"
"1190026",-15.9357170596835,-28.6217468052013,-10.1050732975085,-2.49444126169197,19.9152215560562,7.87526679261033,7.060187565372,-14.2437336641,-10.9312502946755,8.33126258782911,"Australia","Oceania"
"1190027",-11.5225631172582,-27.5590857059008,-0.341324686612243,3.91968908278865,17.4845570577196,4.0109763926166,2.16554437490526,-14.1313813973398,-8.11077434748947,3.20713652483602,"Australia","Oceania"
"1190028",13.8418923401698,-25.6245769428021,-11.9698520612337,1.93067211595749,31.070873735811,-22.3006772435022,-10.8766657769647,-29.1347198889808,-33.9814957687458,14.5696889665904,"Australia","Oceania"
"1190029",-20.8028959852748,23.4244159331945,-34.4855361937859,3.48260396329908,8.13825403136173,-2.16830743009201,-0.310483776361369,-9.84047610152492,-11.3923325694875,7.68172245332708,"Australia","Oceania"
"1190030",-13.9121388883619,15.7579987755134,-33.2340958610339,5.9418389690054,-1.17427920284271,0.202779303117199,-0.83681277394309,-1.05195066330856,-4.41633398241306,-6.82745334176053,"Australia","Oceania"
"1190031",-12.267482134889,-20.5638526568664,-15.6007878742262,-3.92720578083523,4.86816426646543,-1.44412155341159,11.7626866428698,-1.28176875204974,0.713718102343527,-1.68996760710912,"Australia","Oceania"
"1190032",-15.7235862451799,-8.33879900212241,-19.8688990955704,1.04783688375077,5.01057185300477,1.87853964470118,6.09832562877477,-4.62402948232241,1.0585214332684,-4.40731346729973,"India","South/Central Asia"
"1190033",-29.2760888437242,27.5308721486596,-14.3107431125361,3.56764437891225,0.194219177774151,-12.9756943069513,10.5703336068124,-12.8466623185621,3.4942108047271,9.54210711651018,"India","South/Central Asia"
"1190034",47.312334232405,-3.89614701965632,-3.68182132161671,6.10397537317339,35.2751755253374,-25.8531336971481,-17.8098547056321,-16.601187542062,-22.8624477288109,9.34603127702513,"India","South/Central Asia"
"1190035",-13.7422645896362,-40.6387256033052,-7.30705868270877,16.175156229519,-0.609033308957602,2.63037187847243,10.5384842267208,6.72487972955193,0.621558927716833,8.3957217075163,"Poland","Eastern Europe"
"1190036",-14.4231658634404,-39.4974428559265,-6.2553947646149,19.5012019334141,-2.34993260937033,3.53162932761935,7.00570634838322,6.67554488111361,-1.86397391855994,3.01538819740755,"Poland","Eastern Europe"
"1190037",-15.1945303309784,-43.105005751956,-5.40273875633328,20.6002554144891,-4.36625713258619,-1.76576528677413,5.47553721034495,5.59036105944517,-0.423012178992255,1.03123005636978,"Poland","Eastern Europe"
"1190038",-15.2309651284048,-43.6641160690427,-5.70792059419704,20.839019670089,-4.5021119445849,-1.93682222705058,5.45884810292815,5.91762774605538,-0.121033142959199,0.813150644880196,"Poland","Eastern Europe"
"1190039",-20.5632881745962,-36.6020509358343,-4.27279797025111,27.2146183382653,-8.39835560276508,1.49828300759645,6.40772010339463,3.52024640643226,-5.79301384441619,0.145005634710653,"Italy","Western/Southern Europe"
"1190040",-32.1254503312598,-5.27005068878448,12.1998830445103,53.15757543753,-21.985330020137,-2.00056352722715,14.2868542145584,-9.72058834165918,1.0229145680014,-1.06843939929781,"France","Western/Southern Europe"
"1190041",-36.7921468373603,-4.71969353990467,20.7383451063215,49.4197515993654,-26.904889508875,-13.5263987958858,9.32694689069776,-4.9920318805318,-6.95272144896849,-7.17484735418613,"France","Western/Southern Europe"
"1190042",-34.668136932972,-3.00210086592493,23.7171897533147,46.6353468473634,-27.2395738211912,-19.1081019837485,7.12438242596877,-9.10175995924196,2.72418644070301,-1.59056877024024,"France","Western/Southern Europe"
"1190043",-40.7584631166922,17.4503958799636,25.3738998371361,-13.4467852482501,5.17893621672467,10.45305755761,7.1768517387044,-6.85020219772104,-3.28725459444687,3.80681270587086,"Tunisia","North Africa"
"1190044",-32.0926669253961,19.3748468763639,15.1213259828537,-13.1179595634619,-0.929376927378534,12.8240069671896,2.91207903778881,-4.27867198291854,-3.30521320575579,-5.57013465179636,"Morocco","North Africa"
"1190045",-32.9841188384515,19.6986270966965,15.5027172642319,-13.8080867746021,-1.06713386980924,12.917005189791,2.49816096966882,-4.52355858670261,-3.56806614630151,-5.50175855445631,"Syria","Other/Unknown"
"1190046",-11.7334146980315,-11.0216703972414,-8.62773171456502,17.1302290265974,-2.31688909142115,7.29347760318896,-6.20870709364325,6.13016009254614,12.1930518535996,-8.89813141274652,"Crete","Other/Unknown"
"1190047",-33.0977698145833,0.560538943743724,24.2042204416995,0.969644746702936,-25.9553049003488,-31.5020684480376,-12.2790544162725,5.56286178413353,-5.47455593347384,-5.69522098703363,"Spain","Western/Southern Europe"
"1190048",-34.0854042497144,0.823382265163378,23.8531382626224,0.887388067409547,-26.3868823692076,-31.6869405278492,-12.9010281411422,5.07263878957602,-5.05342081532971,-5.76050928332906,"Spain","Western/Southern Europe"
"1190049",-34.3088093661315,0.591351174157419,24.130856086282,0.903938102014717,-26.7527067442172,-32.1979572088401,-12.7592699000717,5.30686936289087,-4.58012201843748,-6.00060032576429,"Spain","Western/Southern Europe"
"1190050",-35.4220319027606,1.51497000372648,7.27509503028063,26.6002124306754,-38.4325450851203,-12.4510760826232,-20.7948777295551,-32.3503966533692,35.253831784364,23.1997559010294,"Spain","Western/Southern Europe"
"1190051",-20.9464946537224,13.1644679869183,-15.7668718891625,-3.73534908612975,-8.30658139976673,-21.6723852346724,-5.85138088338938,6.82850380387319,5.80269597745253,-2.55442708025174,"Spain","Western/Southern Europe"
"1190052",-36.9473690602536,-2.78517754116743,10.1266798335315,40.9703274897475,-15.067867705467,-19.4204862487592,4.02643058376673,-14.389067598211,4.56660519239583,5.01861765421334,"Spain","Western/Southern Europe"
"1190053",-15.6706678206558,22.4136067524926,-24.6884855221687,0.584211723208533,-8.90312098150396,-21.7629285417356,-1.79134293628942,2.53137877147561,-4.71008579410739,-5.54116177164123,"Spain","Western/Southern Europe"
"1190054",-15.7185499973395,22.6694313759374,-27.9169209691549,4.21351600168371,-13.6569142026826,-20.9063857924578,1.21253454087125,0.910549596837455,0.467253101622774,-10.5835861089931,"Spain","Western/Southern Europe"
"1190055",-11.6451003422896,-16.1774955122552,-21.5852753167487,11.3518093400235,5.91594396625938,17.2371617698259,-29.9746532678256,12.7563622879307,7.5337611450238,-7.74045593435168,"Spain","Western/Southern Europe"
"1190056",5.60421586082133,-7.85381382207768,-16.4287905315562,12.3973314698285,14.0621777169258,21.526744207307,-24.6411659585611,-13.7502819221085,-19.9918165054556,6.53408914301177,"Spain","Western/Southern Europe"
"1190057",-20.8862098080008,5.9461918395081,17.7863692931314,14.8648078172112,-0.399647152531648,2.98509483535906,21.8063328215704,-5.26253113357911,-1.25928824515356,-2.58984622738674,"Portugal","Western/Southern Europe"
"1190058",-8.01833924799587,15.9070304427757,-13.6281917046619,26.5392253182502,2.28201513411318,40.546837486512,-54.5348880907025,13.9988696032316,-9.44277801491899,-0.0676841560565604,"Portugal","Western/Southern Europe"
"1190059",-4.70416526976076,15.5204603114282,-13.2929446808643,29.8118806595391,3.38144646642857,42.4147165973645,-64.9804435223178,18.5123023329954,-8.30203955660323,0.808652628782924,"Portugal","Western/Southern Europe"
"1190060",-28.5431398857697,13.8430981396967,6.82092730041152,7.78755844928056,-15.8711618401424,-21.6366707527245,-13.8593369911485,7.86081907138018,3.20253295578251,0.00931013623349622,"Portugal","Western/Southern Europe"
"1190061",-37.0009606693733,5.79959099222653,15.2215629781903,5.5104020231379,-24.9796412168545,-32.836938755297,-18.2300603363383,2.33974337445687,-7.43067898299904,-2.5017834090177,"Spain","Western/Southern Europe"
"1190062",-18.503386888323,-5.42460761439767,5.576252163736,6.83136955738314,4.16869028253005,1.44815663647124,8.1121122660272,-12.8163492319374,-10.1540884006422,14.5615882023339,"Spain","Western/Southern Europe"
"1190063",-8.51052075589588,-43.0575868330873,-10.2922815602626,14.9203010091378,6.04354878347566,1.39909104030268,-2.07619528456135,-21.2393107264826,-21.1130086468402,11.8710287957415,"Spain","Western/Southern Europe"
"1190064",-36.7140314254984,5.45332592014715,15.7155826872308,5.6660798763814,-26.1931472423688,-32.8057089092994,-18.1737113615082,-0.0889229753112292,-5.30135389311879,-1.02410757338961,"Spain","Western/Southern Europe"
"1190065",-19.6040933262214,-0.46272232477043,19.1437679142086,-8.12476630188337,-0.63203127867625,0.550347677771878,0.0643301138261608,8.46824899470496,-11.6381501145271,13.4241583261177,"Spain","Western/Southern Europe"
"1190066",-9.70814111993873,4.87784072859651,-10.5521952926121,-7.571907672132,-14.6295054276935,-14.5495001952833,5.52478350432018,6.63422856842668,1.40689457598561,7.69512043279213,"Spain","Western/Southern Europe"
"1190067",-21.5958811397098,4.72120113527984,16.573653710906,-17.7394049734583,-8.53905952285862,-6.04183190280886,0.22675662935094,15.6386399918326,-10.0299021489551,15.4877502259639,"Spain","Western/Southern Europe"
"1190068",-6.38972043554559,-38.6017240528924,-11.3825802613176,-8.46547256232954,3.59747104330472,-2.74355505463586,3.6549388387511,2.93955174102049,13.1525703973477,-3.37725423178033,"","Other/Unknown"
"1190069",-31.684644511555,7.32018909595197,10.5109243600689,-6.80681935935572,-15.7806950032851,-28.349924171845,-11.9624073600049,9.25287909456917,-1.9719724756286,-10.0904849712482,"Spain","Western/Southern Europe"
"1190070",-36.8155838657043,6.0437120373692,15.348463568245,5.4538026736475,-25.0143005876256,-32.8250215493704,-18.2390524761335,2.17947330980246,-7.34113010671541,-2.4443743968674,"Spain","Western/Southern Europe"
"1190071",-7.90243155225067,-53.0356849832403,-11.400923722272,-5.93687473333055,9.24710067323609,-0.583355614361518,-2.11345562722297,2.88729048822957,7.15644068392503,5.27513375159101,"Bulgaria","Eastern Europe"
"1190072",-13.8847916659283,-48.0508651947236,-12.254595995496,-4.60449447291253,8.92737979108328,-4.34695292924682,-3.58856541493976,2.08470025814472,13.5734429030984,-4.33902977511469,"Yugoslavia","Eastern Europe"
"1190073",-12.9675416970484,-44.4309907020136,-9.442341420941,-4.12483392052978,13.0068355348418,-4.33381859949702,-2.45239718327132,6.20140115122689,16.8681029266123,-3.5763572142667,"Bulgaria","Eastern Europe"
"1190074",-35.5998168869555,-0.81296189643562,27.6469863808529,24.9776596015119,-43.0809196621249,-10.1430377703054,-22.9537495163056,-30.7734414826766,30.2082796074171,21.6992632194787,"Yugoslavia","Eastern Europe"
"1190075",-34.4622368436953,-9.16131557187526,24.9696904631177,41.6844765177927,-23.9541931073927,-2.03204372491361,-1.15894426316428,-9.08650870310605,6.56491239095986,1.0398752074355,"Yugoslavia","Eastern Europe"
"1190076",-31.855199570217,-21.0823881186377,26.6170076694237,59.7853646587244,-11.8041168391147,7.46492917237822,30.4469713728333,12.76797186065,-21.0969334946079,-29.8458373897057,"Yugoslavia","Eastern Europe"
"1190077",-31.9712227011304,-3.7711023500298,23.3000935625931,22.7457272428572,-45.0797750968175,-12.9506479150791,-32.2879595419803,-32.0747259577868,34.0774733091048,22.5975497706327,"Yugoslavia","Eastern Europe"
"1190078",-13.3983108952174,-42.9109033726819,-11.3010214459465,-1.89717367763611,12.8236317073397,-2.91147815608764,-2.81258794755393,1.38397020258709,12.1667487205438,-5.0174642046578,"Yugoslavia","Eastern Europe"
"1190079",-8.98394733317727,-2.56661121508274,-14.4276989291352,-2.09877504072175,21.050597649676,-0.719331991054984,-6.51079021959195,-3.82645085343485,1.66219742810272,12.2578778208668,"India","South/Central Asia"
"1190080",-10.4225262142405,-4.73120131165377,10.2156457903634,5.91856113149002,11.7416962835867,4.69590696130284,-2.92960524047215,-23.637639566213,-17.3900056521226,17.2804291838782,"India","South/Central Asia"
"1190081",16.8504999586662,-39.8125353974075,-16.2694075836972,6.35327800362227,34.1327825307359,0.977752933932026,-3.66470301616406,-36.6444821188917,-33.6837489403482,19.6129827858596,"India","South/Central Asia"
"1190082",18.7431048533017,-11.3799228423583,15.7634336006582,20.272518270296,25.040212411746,-22.5541959111874,6.18992558078633,-8.17149255345036,-18.9152022095795,-6.02636912283927,"India","South/Central Asia"
"1190083",-34.3380422246791,5.799936212333,27.0498986526428,-4.54805765706454,-8.97703438386018,8.98630148244943,-4.05240150787048,-0.75026413805266,-10.168896558083,4.38484014649541,"Spain","Western/Southern Europe"
"1190084",-32.2484386776287,-3.34828249874196,23.3622067082615,21.3565663001347,-39.0891375618277,-8.08111716480212,-21.3297684461813,-30.7706734602027,29.9217124058129,20.8883551676493,"Spain","Western/Southern Europe"
"1190085",17.0998832310155,-39.8635888323951,-16.6350056231559,6.52017739472431,34.1868989894449,0.950848155881258,-3.90418112391172,-36.8287201729287,-33.8821722857585,19.8217194392259,"Spain","Western/Southern Europe"
"1190086",-17.6928762385167,3.28041972264742,32.2273900405487,-2.41483026376948,8.12717924366606,3.27081649665297,-3.98371607172703,-8.50139775784368,-11.9760553996826,-0.250456848317226,"India","South/Central Asia"
"1190087",18.7212675163033,2.23371493883297,-14.7323579663521,6.34437005907146,5.57313151516861,-14.0066442566123,4.31920045368935,-4.44929270905131,-6.30592891738924,0.321271187454293,"India","South/Central Asia"
"1190088",-4.5049187113803,15.5291846057704,-13.604059255362,30.2867538831616,3.68207701275826,43.1391276546257,-65.6020734113733,18.8365083658312,-8.4494690992816,0.576662888182112,"Poland","Eastern Europe"
"1190089",-3.77743015631263,-9.7031325528518,4.3160236482855,19.6575610140975,-16.4390948411339,-15.078400689713,-30.1611725831647,-37.9193258647834,11.565394876505,25.1296236236408,"Australia","Oceania"
"1190090",-9.47825856118271,-40.453282457424,-4.01159946451099,-3.36490548421795,9.79464727505676,1.91191204271726,-9.37975548907676,-2.37748375904445,6.64990426027971,-8.95546764461838,"Australia","Oceania"
"1190091",-20.6386648745326,-31.9402193143088,10.0418092904062,33.2496816800572,2.43901530383837,2.24766628765161,19.0500317930361,-0.497437545936547,-25.9880304597752,-5.95004568302761,"India","South/Central Asia"
"1190092",18.9824675497929,-4.2819168588612,-1.21875821732104,23.8639161970063,11.392110883689,-10.7411185003296,6.06442432658756,-3.65255947650185,-3.57854781172696,1.69399919129323,"India","South/Central Asia"
"1190093",-27.3683290179163,28.7876632569431,-21.9468502284663,0.703043593722968,-0.65867161544601,-7.41273102256052,9.93691983887955,-11.171450969595,2.95809835033458,6.22862701910998,"India","South/Central Asia"
"1190094",-23.5442155494782,20.558101785226,-6.40985179270736,-4.55607987009241,0.798404487014097,6.73643462500061,11.7775082130386,-11.5890547654088,-0.255355147104801,15.257588571237,"India","South/Central Asia"
"1190095",-26.9994029138954,-16.7452975964327,10.4760943194579,28.2010892865704,-4.70977595901211,-12.0421567050185,24.3930585633442,10.2153951223504,-13.5721987037228,-11.8019670077065,"China","East Asia"
"1190096",-16.5225687562701,-29.876416679003,-2.98021627759366,30.2533315154066,-6.09591809624955,0.710168933184915,15.4011790291606,3.7812795921422,-3.97173062318688,-2.80176644979578,"Romania","Other/Unknown"
"1190097",-23.8869569565859,-24.124613832606,3.32969566846996,35.3532392287033,-9.70842325857963,6.2701756132663,26.8911448760876,7.00099708226884,-1.95163550528516,-7.27401266972397,NA,"Other/Unknown"
"1190098",-29.389805800965,-14.0201652866109,9.76166618871229,45.0503161497805,-11.2982053912458,2.665455716976,12.6221789699289,-9.33155712383536,-8.55812411436262,-3.26497736806422,"Poland","Eastern Europe"
"1190101",-23.7129848777054,-24.1318961422771,3.09604838857785,35.2917039758654,-9.93493416451421,6.56954157069165,26.7746644744788,7.0378959412761,-2.30906069080278,-7.36394200169963,NA,"Other/Unknown"
"1190102",-36.9909450591839,28.0663691548056,40.1082161693157,-16.3911161166735,12.0615389591622,9.11987884816501,1.70437773541534,-8.73090551170969,-3.19034969825625,1.81118917301584,"Italy","Western/Southern Europe"
"1190103",-36.0146915891569,24.4413897104783,42.9848899936562,-16.9128489619395,12.8572594849387,10.696895141036,-5.06639529199462,-10.3842013681906,-2.90417043598099,0.518794497726267,"Italy","Western/Southern Europe"
"1190104",-27.8699527162707,-11.5471788007807,6.08724911077359,25.1998134474445,-13.3148159824084,-21.73066569767,-9.59199234119284,-12.19304369807,9.63198037879263,4.62037427260862,"Italy","Western/Southern Europe"
"1190105",-30.0834606908102,-15.215921935104,17.496354736929,21.3820593441673,-19.68642198151,-21.3377866820078,-5.47297083851433,0.297791390592186,-0.0725787233194627,2.47420137960106,"France","Western/Southern Europe"
"1190106",-17.1308152385393,-4.04080522163386,1.15547279132892,1.16051142202925,-3.62790163925647,-2.81699822633292,10.2132263685574,5.1055005306962,1.91081231841246,6.35529417868657,"France","Western/Southern Europe"
"1190107",-33.4742712034861,6.84877951945064,11.0589691825677,29.207344804642,-28.7979037819149,-31.4218981914909,-5.09782564489113,-11.4424256020827,6.8336290703896,13.0025760080664,"France","Western/Southern Europe"
"1190108",-37.0234543052917,6.08655315072101,15.3892695823475,5.42837166365962,-24.9601131952025,-32.8375861016158,-18.1941831489427,2.31873779471434,-7.31080096541566,-2.49654006051509,"France","Western/Southern Europe"
"1190109",-36.9618654044549,6.01856424162711,15.2434086239255,5.33556319525086,-24.9333260154337,-33.001145311124,-18.3504904998883,2.13023091436115,-7.17660021178254,-2.37591090624373,"France","Western/Southern Europe"
"1190110",-24.9366273461948,-12.513197838044,18.8900762568692,51.6484332527063,-9.76690677319089,10.0650868807538,14.1752762774987,20.067385147664,-20.6256011411267,-27.0231927239071,"France","Western/Southern Europe"
"1190111",-39.872144789114,13.0461368294382,31.607883967537,-15.1035497445403,2.48512135073128,8.65882652954925,6.11499063997233,-4.51184134361871,1.84868775294347,2.66844704240618,"Morocco","North Africa"
"1190112",-12.696078952763,-0.825173938816188,1.93623180044848,-11.3043230968067,-1.04996961591822,-2.78324324112009,14.3050326338198,-4.01204265676599,8.60927939862075,11.6132968915154,"Turkey","Eurasia"
"1190113",-8.3147441987365,-48.2932492590048,-8.08270179854175,-10.7239176364666,1.00510362877275,-8.8206588051744,-4.08800329164278,6.2674153647818,9.90120696290239,1.11221373360669,"Spain","Western/Southern Europe"
"1190114",-7.32571827727205,-42.7458888138536,-5.74235596229307,-8.72879373562812,1.17900967681983,-7.39278498927496,-4.15883053480312,6.17856158318952,7.31210327688306,0.623815632706845,"Yugoslavia","Eastern Europe"
"1190115",-22.9978297130129,23.4172001429736,-19.4815573164428,2.70749987850931,-3.09496695185451,-5.90685130433566,1.68766193059283,-1.8915938709127,5.58442959494568,-5.98928735456075,"Yugoslavia","Eastern Europe"
"1190116",-16.4233238609426,17.6194077920967,-7.98579050686258,-5.43889387376533,-6.55235438555451,1.85254533223675,5.3081098340239,-3.16865686861224,7.642515412163,6.40980553876347,"Spain","Western/Southern Europe"
"1190117",-15.8651250836474,17.6323154867012,-8.0265597970776,-5.74080473419315,-6.51308250568726,1.81021194250036,5.46047223188045,-3.13794539146671,7.78107772502151,6.52893711547227,"Spain","Western/Southern Europe"
"1190118",-14.7001974367832,-9.72953272412499,-12.5809403156363,6.33701465566978,-3.85199833108938,-12.9330465660426,7.33443656422781,-1.34242976354056,0.834117438224163,4.14310964783938,"Portugal","Western/Southern Europe"
"1190119",-12.0911741591971,-10.4153903546858,-14.7300916412384,8.10139616430051,-2.93908227602375,-13.5233805262041,8.87262942047948,1.05958584874543,0.614682199416428,4.69692462388787,"India","South/Central Asia"
"1190120",-20.2193671993355,0.139698363573902,-18.8818703237829,1.94311066328484,1.0408629913382,3.00673541379925,1.24534221804427,-12.8998984722148,8.29700686109532,-1.70693192201566,"Australia","Oceania"
"1190121",-28.7294551650569,26.3074259267027,-37.0695661533695,5.27533636693423,3.99362533593683,-7.98056507732071,13.515225371119,-16.7057260023305,-2.47906366415984,-5.14066758571754,"Australia","Oceania"
"1190122",26.8663742369,-17.6655460682474,-18.5946649696534,8.60466957087143,25.3037580373925,-27.0962766372223,-12.8062745452175,-29.3143356531278,-28.6139931760968,9.66154374778213,"Australia","Oceania"
"1190123",26.6535083794356,-17.8180726014926,-18.1345796572627,8.22044466843035,24.8002545092201,-26.5607204877162,-12.5326869029496,-29.0295055501947,-28.4237079817194,9.54109471709777,"Australia","Oceania"
"1190124",1.57015988176815,-2.52781158986006,-28.9164688389492,-0.328402546472612,16.0572099893339,-9.34120125659819,-0.914261978420896,-21.1629719284302,-25.078555752673,9.83706519770985,"India","South/Central Asia"
"1190125",16.9579406615477,-25.9103162594113,-25.0934316623015,-1.87651981829133,20.4115533593237,-8.22158549124015,0.00210888337726128,-23.0209809615199,-30.5300655016435,13.8751771274802,"India","South/Central Asia"
"1190126",23.5811210127717,4.29405535753329,-16.4237248853122,12.0531477386131,7.69219542878754,-20.7300112440624,-5.58088047769583,-7.27126685229315,-13.2435346934441,6.56032281809812,"India","South/Central Asia"
"1190127",17.9629608532299,-21.2644899493386,11.0919714546106,-13.0752497372598,-1.62233414088621,-8.19949661623648,-0.38021703478974,15.2217902852629,-2.41706403774084,-2.18281171876753,"India","South/Central Asia"
"1190128",-25.4412529292513,-11.5777659639538,15.1558239289679,26.1750109462505,-7.82415661533916,-9.06620116469198,10.7125896697916,9.95862011946501,-3.53759363005175,-5.43376892811973,"India","South/Central Asia"
"1190129",-14.0708066975129,-21.8835383786377,0.849971232836095,22.5468936187484,-5.54216477319448,-9.99040460436192,6.07320631474516,-1.31966044100647,-8.74122779022597,-2.52322310924268,"India","South/Central Asia"
"1190130",-13.5543198768877,3.48501833412438,-6.02954540966766,-4.20427409796116,-2.40748980672304,0.467184192847994,12.2320002092827,6.33111367656134,9.9739327289873,-1.30605039572994,"Spain","Western/Southern Europe"
"1190131",-29.6796270592325,0.50455996956407,-1.55005936898654,22.2181203578145,-19.4305580498325,-12.7387947148391,5.63917620728554,-5.4673316070296,5.11306794028351,2.06614224481543,"Spain","Western/Southern Europe"
"1190132",1.97376294836797,-2.04523767422687,-25.4131366933401,1.27006100943,15.9125442256994,-12.460863823629,1.48510549036415,-19.4452781169592,-23.0033326194213,11.3495340083545,"Australia","Oceania"
"1190133",-28.8960103956421,26.3875005087478,-37.3086097903027,5.30041203447943,3.99000131048848,-8.088519573356,13.6249434650519,-16.8974137102356,-2.38315084517605,-5.41457588992286,"Australia","Oceania"
"1190134",-26.993008219211,0.858473661154967,-6.98619104406815,20.4102893858399,-22.7535240232997,-12.3086336741931,-15.258553757566,-25.8289747536091,19.1499180826315,22.941173438699,"Australia","Oceania"
"1190135",-20.425749026607,20.1531324576676,-35.6423047799278,3.20280959034061,6.95254172576412,-5.32306414578014,3.54327567936058,-10.8775875272942,-8.67963974324577,4.66594624280381,"Australia","Oceania"
"1190136",-16.6019586474996,27.5423928756895,-29.5443493347231,6.37807384559549,0.642515969901856,15.7498454106324,-0.344660735329592,-8.87151284249768,-2.53108141283435,-1.00515118904697,"Australia","Oceania"
"1190137",4.26835588899496,-1.71982772588189,-25.8115368135182,2.20767445679854,18.4884690317934,-10.0391503732826,-6.62501866211448,-21.0138296808263,-22.0381118711495,13.9478413207418,"Australia","Oceania"
"1190138",-11.4151727645786,2.62364456557529,-11.7221884274175,-2.37632256067529,4.20355643746709,2.49294595013188,4.23974299747875,-10.572723840636,-1.1511346885622,8.00811486966198,"Australia","Oceania"
"1190139",-38.7621015290894,11.3779146355077,31.5989550956545,-16.5180057322465,1.4015550358709,8.30410151117063,8.02497181732233,-3.93991112275834,1.06653499181512,2.22270665417488,"France","Western/Southern Europe"
"1190140",-38.1127004312331,11.1008009687135,31.4337740405659,-15.9971663000668,1.595435702863,8.37018676472798,7.98306614453515,-3.84055011859259,0.971538818739616,2.16781737488186,"Turkey","Eurasia"
"1190141",-27.566509653194,18.9741550478629,-15.9861472580979,-3.46706205306258,1.20303529034375,-9.87300095185087,20.0951944829294,-7.80329101634104,-12.4167007986118,4.65698293872114,"China","East Asia"
"1190142",-16.3285020475008,-13.7226577588986,1.20087275849038,25.9462275363571,-1.63119915532948,11.7034416736053,29.5594872458216,10.0384747569233,3.25416315773495,16.493273591799,"Morocco","North Africa"
"1190143",-24.5604236458076,8.4992552588518,-9.57784695261134,4.2970448874923,2.51246636591377,21.5891879119291,0.706407668688288,-7.5606638213159,-6.07924341091888,-0.977829284903371,"Spain","Western/Southern Europe"
"1190144",-32.6653706205967,0.0532042053476647,13.9547242864151,28.7028120254457,-43.4730039405188,-15.5775291117529,-28.6479625109996,-36.5515942974062,41.7161798817038,31.3794021421065,"Spain","Western/Southern Europe"
"1190146",-25.7524908396847,11.7240693301895,-6.50250033544126,-3.54287955565034,2.33028642948856,14.799026665302,3.05668514460262,-17.2822946681282,-12.3838407598764,0.764299712690781,"Spain","Western/Southern Europe"
"1190147",-22.6578281428944,10.5402423721781,-24.032431693301,-0.409594257814949,4.99266695828567,9.79761640318441,-4.31228300011072,-15.9886757562163,-15.7702074218412,6.08422983367841,"Iraq","Other/Unknown"
"1190148",-26.1824042266958,1.72336674915317,3.9558848378496,23.3874807559476,-3.4807672348672,9.49984328992521,17.4051081239284,0.401649776045669,-14.9548447476616,-6.72846480910173,"Australia","Oceania"
"1190149",-19.2029487117346,-23.9107365269931,-2.28925110999224,40.842590712698,-2.99706337536708,8.57163248480986,27.4359373961211,-0.532923223222615,-15.9874934931047,-9.19182506097697,"United Kingdom","Other/Unknown"
"1190150",-17.6351306451183,-20.1022365422845,-2.28963985363112,35.5704415494264,-3.66847869608462,11.0701413473799,7.39369038373622,9.5902640159356,-11.7756577583926,-20.6809591423496,"United Kingdom","Other/Unknown"
"1190151",-23.8296434500948,-4.31681360280672,14.6865455666192,26.2135783905611,-10.0350969169185,12.7841318396163,-10.6328596622141,1.62046147430454,-12.5738230061711,-14.972339059551,"Portugal","Western/Southern Europe"
"1190152",-35.8542270120755,25.6115732261438,19.9939868409523,7.03599716010036,11.2443594529551,26.3681667035594,-18.1019512065069,5.34891756693481,-8.11167083944517,2.0290722553665,"Portugal","Western/Southern Europe"
"1190153",-10.4798562617553,17.2268740743426,-13.8869783534569,22.9966408873291,2.02084063654159,42.6195787093616,-53.6444726010404,11.9310801655442,-4.89820422579842,-3.43156899144624,"Portugal","Western/Southern Europe"
"1190154",-18.9725374136025,-45.3148999326104,6.74746005828054,-9.74070475249566,5.7469342391116,2.2199774162533,-6.2866822894378,7.83310056063307,2.99448328313475,-7.30807717573874,"Portugal","Western/Southern Europe"
"1190155",-7.32317015091597,-5.62545240868106,1.94843741109425,1.51831701833569,-1.36627389952337,15.3172605938244,-33.745692055397,18.6291561490674,-4.49803486749524,-8.70287289107188,"Portugal","Western/Southern Europe"
"1190156",-18.5471871365733,-43.6197589350313,7.19972835805155,-9.2388957061389,5.42197970620744,2.39232259546817,-5.74235076259402,7.22459494539707,2.59348427930579,-7.38423706055238,"Yugoslavia","Eastern Europe"
"1190157",-27.0096935145874,-20.8772543259131,21.5749671441565,-16.3118054505716,8.39241065904222,-0.603832268199402,-3.75121791689396,-4.95127328069983,6.82343853140531,-8.43326001224834,"Yugoslavia","Eastern Europe"
"1190158",-21.5062661917673,-31.9048907658609,13.9093063944671,2.93357741319389,-22.1001460236496,-12.318833851651,-15.6701768240518,-15.467893120822,21.6618020727165,11.0160921686305,"Greece","Western/Southern Europe"
"1190159",-21.2867690053057,-31.6907939952968,14.1529236779693,3.07764300814228,-22.1813647187011,-12.4868533651363,-15.5820650248911,-15.3290647534371,21.4553104051854,10.9586854162718,"Bulgaria","Eastern Europe"
"1190160",-27.7448325205423,-5.63991797953343,23.0721545172255,-19.3288652349773,3.03196494890865,-3.55814351964302,-0.603684907741215,-0.874690856345974,-2.50035630808032,4.54668166648863,"Spain","Western/Southern Europe"
"1190161",-27.6816737086762,-17.9782388744199,9.83516642895271,16.9898863780535,-30.8930288889456,-13.2523250071007,-23.4681183268859,-27.6958570570305,34.0137234030066,25.022637431033,"Spain","Western/Southern Europe"
"1190162",-33.0265838637177,-0.201087689461991,13.8264755870651,28.7101653576375,-43.9767560761622,-15.6726562734827,-28.996913927469,-36.7755925334838,42.1438777057767,31.4020997765478,"Spain","Western/Southern Europe"
"1190163",-24.1847577415673,-4.76632437570123,18.0522610579543,-3.04675885780447,-17.1161982301885,-4.64682596490661,-8.1679000731922,-13.2897738995727,11.3089781268499,16.9012393306792,"Spain","Western/Southern Europe"
"1190165",-25.5814279924684,-20.3892203989733,21.1485761451961,15.4957858611707,-36.7850472141649,-12.6386992289809,-20.3873139511306,-27.0495145012383,30.7596789576433,22.7234482339494,"India","South/Central Asia"
"1190166",-2.97184416106138,-22.8989328178557,10.9065490542081,-4.01838157548605,-9.08577873216955,-13.4892796006399,-15.1411435478996,-4.62741818087029,3.95106474215556,5.82056741084495,"India","South/Central Asia"
"1190167",-11.0854845367804,-13.0647346146272,-8.12551581440636,20.4895662135833,4.22769895809981,-10.6461646692287,11.5083396445099,0.130823489388392,1.21014456845332,-0.307038502596649,"India","South/Central Asia"
"1190168",21.4332834908726,-7.20597854495229,16.1940458471244,-7.88034780696371,12.3350110518528,-1.14813965525977,-2.43212610700433,6.72908712833888,7.82833818005902,-2.87061305996861,"China","East Asia"
"1190169",-15.5413893407991,-21.0480074914953,-13.5914551110183,2.1337127393563,11.8664485546781,-15.0683790218429,8.93451377978501,0.695138559840122,8.07437530574331,-5.69704445145076,"China","East Asia"
"1190170",15.0927673416845,15.6455603685967,-14.6167243015058,6.94982985458615,11.2416694710658,1.17117586620683,9.90685795192752,0.258922998765538,10.2775525894688,4.48706150145705,"China","East Asia"
"1190171",12.2825652445842,-25.0857328514174,-2.43241955871667,18.417446212578,0.13844446207016,-0.104816765047196,9.66644781053367,12.0947356566954,3.8081640779998,9.48127533117831,"China","East Asia"
"1190172",-17.710503624564,-7.98303287978086,24.1982274258022,25.3893187193216,-4.9026413378023,-27.7311984471648,-1.55239210914974,-8.26600799105293,-8.7323380107402,-5.84965160781375,"India","South/Central Asia"
"1190173",-29.008291093066,20.8346377442929,-15.420096832673,-1.46255189922123,4.73796473674489,-6.18441747277741,16.5350705046711,-5.04837172163714,-14.2996214241077,3.70884872792868,"Australia","Oceania"
"1190174",-22.668932408211,20.7271123853181,-17.6828257418363,-3.34151998446082,1.03409989720808,0.214651898318701,11.6787671671975,-4.31487742392467,-17.2608314820281,5.77849585542418,"India","South/Central Asia"
"1190175",-16.1168173765883,-13.503849310777,1.11938017304559,25.6821400930579,-1.67786322032616,11.6064089755295,29.0981515286311,9.51665300920143,2.90608243294491,16.115858601317,"China","East Asia"
"1190176",16.8866445032182,-11.0224470344555,13.7082948523872,15.616694549824,-11.8168324116961,-6.40237348034476,2.76270918032987,-1.63976751233112,-13.1287652604977,-17.0589291693624,"Afghanistan","South/Central Asia"
"1190177",-8.90312527704783,16.1331770394938,-19.6539295774038,27.1840994475006,5.45164907830274,41.4724297282319,-59.1081038060335,16.4135189679847,-6.56557609216871,-1.6203974424019,"Portugal","Western/Southern Europe"
"1190178",-14.4147371299222,-8.49177223828897,-8.00079381995541,14.6181599746022,-1.77569185298992,11.5983646151819,16.8691344497398,-0.285296127274092,4.45395854000799,-8.43259894393777,"Yugoslavia","Eastern Europe"
"1190179",-19.1038706713078,0.412022938271425,-12.9419277269046,13.1589547701543,-5.38408487122264,2.66456487445603,9.7267403136187,0.237362577886932,11.7096256430432,-11.6782301396265,"Greece","Western/Southern Europe"
"1190180",-28.8213688729741,9.65520799379428,21.5566912627629,-8.99813640142419,-0.602667737380679,2.3314069981051,-4.35269911258638,3.93420780714365,-2.92943071436732,3.04477462250319,"Spain","Western/Southern Europe"
"1190181",-9.3870504027542,-50.5576349041944,-9.45834913821399,7.06562471056051,5.87901252910152,0.138643258659623,-5.18874021616603,-0.00908224043065043,6.43061960374742,-3.40435295419208,"Poland","Eastern Europe"
"1190182",-15.5544890052389,-37.0183939882962,-1.15070094014188,24.896029950451,0.168909524440195,8.63389086611506,15.9375371366602,-0.577410239424693,-2.22949363031954,-13.4103072236802,"Poland","Eastern Europe"
"1190183",4.77215008989864,-42.9835609238738,-27.3492186819925,-5.75215683719178,12.4902463302221,9.06119167997647,0.297051893339187,-29.4572874874784,-31.0639020443626,20.2614271393242,"Poland","Eastern Europe"
"1190184",4.75439733264721,-42.7050641143711,-27.1729824783898,-5.5518358663657,12.4768256129506,9.24311449959704,0.681035464576971,-29.3864406466429,-30.8903161753224,20.3921676645407,"Poland","Eastern Europe"
"1190185",-9.70266501269272,-19.4905144747899,-5.42123762272929,-1.46735431986727,-1.11462781085087,-2.3590471178456,11.7464432671083,-0.143480777601918,7.86804611227544,-3.24758860801392,"Italy","Western/Southern Europe"
"1190186",-7.90745401242795,-17.9303035187635,-3.39734576698914,-2.48631442136537,-1.65757234180747,1.00529639042777,11.6398986871889,3.25096547545447,5.11632162322494,1.02678437152113,"Italy","Western/Southern Europe"
"1190187",-36.5705230976977,23.7354783234163,48.1315720619697,-24.7506974222156,14.6142191252495,12.7890249903817,3.13440420903936,-18.5645330908755,-7.62091652441489,3.44581551457329,"Italy","Western/Southern Europe"
"1190188",-0.792370520967751,-48.6663352588718,-9.10657795013467,-9.25610436324407,-0.777172058596612,-2.84932157234327,-5.10225341522486,3.9185265677353,10.4934349187297,-0.920645643301738,"France","Western/Southern Europe"
"1190189",-22.2759975438066,-5.17893667174881,4.69658763968646,19.6169340697785,-17.4717156431325,-16.9387396635843,-0.478498727825152,-3.89613649690399,10.7657630815632,9.7076142553879,"France","Western/Southern Europe"
"1190190",-29.1058303106519,-27.1340739031297,17.3039460816515,29.4346611032743,-7.23090308149745,2.63412331643931,20.3849540625611,9.89886080948347,-12.7319476345765,-12.3085708106639,"France","Western/Southern Europe"
"1190191",-30.9763331660611,-25.6327445926407,19.262970049987,42.4352467594721,-11.4647101544744,9.19347690702693,23.66614734856,5.6156690792527,-22.0591357871912,-16.3546728716459,"France","Western/Southern Europe"
"1190192",-34.9954254995111,9.6851046937994,34.6423682385135,10.7788680104846,7.27861688935916,12.1297473609117,6.27571336495434,-4.45549191815939,-6.8199973940482,-9.7413905696204,"France","Western/Southern Europe"
"1190193",-33.5170839338429,0.326423350883587,14.3866466482246,28.5885680891322,-43.982519458335,-15.6454229582268,-28.9415397397078,-37.0808894845744,42.4370293650264,30.7544537774508,"France","Western/Southern Europe"
"1190194",-32.6380956410856,0.0535298958279927,13.8652276561546,28.2953230589042,-43.2091575441673,-15.3212490706293,-28.719633609455,-36.4187074752062,41.7780027337226,31.5426832987682,"France","Western/Southern Europe"
"1190195",-34.836867782198,1.80935378719245,17.859843931951,26.1667573977494,-0.718953666687411,8.57375809290294,19.044707665271,5.62611383840335,-20.5025348481257,-7.31302848613634,"India","South/Central Asia"
"1190196",-29.0872676961985,-17.9214723272407,10.999206132557,50.5886344932514,-11.3458952056168,5.69841911362875,32.0210139297809,7.14971817059017,-14.347857104375,-16.2081970018269,"","Other/Unknown"
"1190197",-36.7181564003829,-19.8190967853398,22.4146330721063,53.1499108685746,-13.1068666323492,7.27456585529256,26.0128436035206,9.52961830146782,-21.6720308782023,-21.5291941446391,"India","South/Central Asia"
"1190198",11.7674729352856,6.83633614863386,3.55269459460993,4.16422885479342,4.32651053094029,-28.7273151280264,-11.2028116116398,12.2829801538441,-17.912198237786,15.4096440520785,"India","South/Central Asia"
"1190199",65.9274054429543,18.022010014289,5.79220955100962,11.3211526624919,22.8129043861552,-27.5177427813469,-12.1707373851924,-5.29703619685416,-6.02574498107904,-6.56991152630637,"India","South/Central Asia"
"1190200",-36.7411249739004,-19.9362746913938,22.4010934153274,53.1609620728553,-13.2257052792007,7.27813392063877,26.1653177432492,9.52228067337334,-21.5664168061355,-21.2896508418551,"France","Western/Southern Europe"
"1190201",-34.2847073580521,2.95913302664547,22.0807207099049,9.23890673486495,-6.39772928212314,14.1965854682697,-2.29182157655834,-2.25823939766421,-4.51445215291708,-3.85500100145907,"Spain","Western/Southern Europe"
"1190202",-34.3201305128416,2.97292317785016,22.2670523931488,9.37784372780962,-6.44683463038721,14.0737822184899,-2.26987445654321,-2.22287755482789,-4.43243802206731,-3.81831903454671,"Spain","Western/Southern Europe"
"1190203",-21.4366948422081,-42.6355262480238,2.88096410381112,16.1253088282998,15.6723915048812,4.08044204208664,4.63301313352993,-10.7312381151041,-25.3802191039576,0.000169690742946594,"India","South/Central Asia"
"1190204",-12.2120627192605,-53.3152616396349,-20.2153515220144,6.25140659518676,20.7062742638554,6.95049889783903,0.307518368514315,-25.3329277990546,-27.176614266727,15.0207541687788,"India","South/Central Asia"
"1190205",-12.0300707878855,-52.6133350309226,-20.0513849619908,6.2657490117802,20.5784867280572,6.81784135861112,-0.0711482626552514,-25.2496864647945,-26.847149490902,14.7144423964559,"India","South/Central Asia"
"1190206",-12.2293702917759,-53.2577032259834,-20.2862184253367,6.25543770314176,20.5997270193012,6.96167276475847,0.247700029155765,-25.5999579704389,-27.2069869902966,15.084811822165,"India","South/Central Asia"
"1190207",42.1526908391757,13.215316377904,0.730441868447684,11.7646474627842,19.4694751041098,-22.2002633647637,-11.5852428943094,-5.36399740419485,-0.529763842213437,-10.8969705689758,"Iran","South/Central Asia"
"1190208",40.2768171324612,13.8078109435802,-0.935399187273641,8.98330466821804,19.0221976199418,-21.3755351723709,-10.1804840368042,-8.1866899166214,-1.60863208677472,-13.1636475231479,"India","South/Central Asia"
"1190209",40.744016079277,4.35007782766933,-7.95872378258501,-9.34742222080023,-4.19413711897578,-4.06171199126522,8.15825184386579,7.25034724462873,-2.68053891388942,8.3862324981223,"Egypt","Other/Unknown"
"1190210",1.45071849549699,2.89212701853611,25.412370255895,29.0232994895998,-7.95023012731251,-23.0008369604297,1.91439834491373,9.19777779763675,-17.0371033366808,-19.1557677120965,"India","South/Central Asia"
"1190211",-23.78368044423,-12.4671012127474,2.47135189204334,9.57495488407332,-7.9095720295302,-2.71801965322864,-7.02524146620883,-3.09982542237905,3.30408686772771,3.65704187687699,"France","Western/Southern Europe"
"1190212",-24.2441484784825,10.5492326773252,-29.8208944863826,-1.3069507284071,10.5058917853289,-15.3912354940773,-0.0453300031052104,0.71931977732728,4.86435668646618,-9.31860735315494,"Morocco","North Africa"
"1190213",-11.8549085323053,-32.9452670689019,-18.1312638169407,-9.07035152349563,8.08165953334576,-3.54018226970643,1.94626520926272,5.55968824501517,13.7535616393236,-15.4934951771669,"Morocco","North Africa"
"1190214",-26.9172511650507,44.8816516188436,-44.5661114026112,-0.507589519697625,3.99894053143803,-8.17916061134953,2.2593659910818,-3.70778345794704,4.74193484578574,-14.3254520840242,"Morocco","North Africa"
"1190215",-26.9990642412181,44.9183551994515,-44.7559327113338,-0.514924141948294,3.99768554269547,-8.2379596807029,2.33382455223399,-3.65174625425662,4.63936702396635,-14.2323035982794,"Morocco","North Africa"
"1190216",-25.5860288345461,34.4606173614383,-31.6948707083269,-3.3267928537737,-1.37761294995664,-18.6515065530943,10.3586593333098,-2.43140340077235,5.38205134667602,-18.0622169662071,"Morocco","North Africa"
"1190217",-27.4866561402509,45.5489583015981,-45.8801215689611,-0.826187790811996,3.82147609779465,-10.8022491738835,7.58731269607975,-5.0620471486734,8.54692593705092,-19.3246738980134,"Morocco","North Africa"
"1190218",-28.1964143181976,39.41415308749,-34.929703389463,-4.10953936913345,2.1691561337364,-10.3860736532647,9.96425682416863,-1.9344528348394,1.04692645275604,-15.4264168925047,"Tunisia","North Africa"
"1190219",-8.85567041136437,11.0050497273113,-17.1993868927275,-2.80936315972948,-9.96032278702795,-3.83278748497223,-5.68508060832274,8.65309519776567,3.83492007886097,3.53420077028318,"Spain","Western/Southern Europe"
"1190220",-13.4613168680455,21.7570789004254,-23.8775811071211,-1.46541616432459,-10.7521605552743,-22.6038484422369,-4.48713480234114,9.67645898620788,-0.241859968398205,-4.60253738540216,"Spain","Western/Southern Europe"
"1190221",-5.80113346964669,5.12993185196076,-14.76615561026,-4.90301725340364,-13.0801979043204,-6.05297701723275,3.10226651943152,14.2702408767179,3.45950916602034,5.52751685948272,"Spain","Western/Southern Europe"
"1190222",-29.9619897401098,37.9660136544026,-37.0360731649226,-5.10347347038368,-0.550852433991695,-6.81986821457399,-0.659135019227504,-3.85199869780594,2.67464840776813,-7.19756227431358,"Crete","Other/Unknown"
"1190223",-3.91304226165277,19.4589877580981,-25.5282561480203,-6.5412056456086,-1.93565838089821,-3.17987845517844,8.32811196947097,-1.8467128303677,-2.08142165965169,-15.1878368242765,"Burma","Other/Unknown"
"1190224",-14.5584649253177,39.1172534448326,-29.3595693204992,-2.77505874422573,9.32246538529488,-11.2673271815679,5.75442957066803,-2.31790386287752,2.02402634346142,-9.69659229418177,"China","East Asia"
"1190225",-33.3668727391126,25.3108738838147,28.5101608132643,-21.1897990177196,14.6083691004188,11.8614984045638,-0.932776144721593,-10.7560701850236,2.34761892920972,-1.94877009594915,"Canary Islands","North Africa"
"1190226",-15.0996595821265,14.8001154813562,-24.9458715784638,-2.575283923727,-6.20384815886028,-4.71849078110058,-0.147769414430803,1.84399901946229,0.539730586314412,-10.1770160796384,"Spain","Western/Southern Europe"
"1190227",-20.815227627317,-12.7924508799242,10.5239239306083,17.863354570645,-3.22173150909782,3.87279095992917,14.2545477727958,-4.46490949367551,1.81449731212039,2.71503973877107,"Spain","Western/Southern Europe"
"1190228",-8.97425352211117,11.3772776132541,-16.8844072094862,-6.75421718883726,-12.0081979850908,-14.2681768858729,-6.08616086498519,11.4141017483094,3.86763830696475,2.27125818195266,"Spain","Western/Southern Europe"
"1190229",-31.519360182816,17.5629262985974,32.8189306304913,-18.8354399499225,13.7209864564269,4.32129760236025,-2.19060844273113,-11.4123257226485,-2.52333578245768,-4.69183722394833,"Portugal","Western/Southern Europe"
"1190230",-36.984160825937,32.2063536117345,5.66457161656768,-13.9864695984852,10.8264765558683,-15.834503840143,-4.65884019072716,0.205197970575209,-5.79680808178524,-11.1474425089023,"Portugal","Western/Southern Europe"
"1190231",-18.8713870194718,-31.8868511861782,4.00547642433399,30.2530318952344,-6.59853716789061,-0.361061790832816,14.6481628835968,1.83914495898291,-0.816251976956895,-3.15097450183821,"Hungary","Other/Unknown"
"1190232",13.1465224555461,10.908148930059,-8.03388071128123,2.78033066602612,22.6038326990791,-20.239990436362,-2.61517918135143,-10.271237465316,-4.63515622380111,2.33527229682541,"India","South/Central Asia"
"1190233",-8.59382746789211,-21.1736667319208,7.88284065610423,-12.306350383807,3.51070863027554,-5.02676873560962,-0.5622469781984,6.13749774137668,-1.34553763679064,-6.38476552732693,"India","South/Central Asia"
"1190234",-9.86830492311922,-46.8704311790766,-10.8235412225679,-10.9218502394833,9.93639257487811,-4.88256849348813,0.209856863748195,7.33199949461562,13.5523434080891,-5.80033954812795,"Yugoslavia","Eastern Europe"
"1190235",-9.68638027006693,-45.9392026454208,-10.5084035576358,-10.6797821040842,9.81442573295001,-4.89519889266688,0.434162838286931,7.00823365621545,12.9678079443959,-5.63593006204899,"Greece","Western/Southern Europe"
"1190236",-7.44142384576969,-27.8417564291053,-0.615810909667901,-20.4737387346805,1.00597123095656,-4.00330993436361,-5.6679745840923,12.182215654379,9.28537762698647,-12.8705865064944,"Greece","Western/Southern Europe"
"1190237",14.3744371912255,-17.6313388447786,-11.4171695995901,-20.1313855503503,-10.1024447068526,-2.36109170494327,-3.11228658945063,5.58085332932334,11.1468409278843,-7.02304274524898,"Iran","South/Central Asia"
"1190238",31.0105417487264,-7.46962938619536,-1.49055249328026,-13.6380670969927,-8.8041714650044,-7.93107633123309,8.0532096136225,-4.2338031456691,-0.579161236814353,-2.2558474867722,"Iran","South/Central Asia"
"1190239",-12.3406003070675,15.8687742934896,-21.9420704324384,-2.0010915186193,-8.53225416777566,-20.2226538150914,-5.11836423037802,5.24419284562145,2.98587616535594,-6.96532690274177,"Spain","Western/Southern Europe"
"1190240",28.1706757040942,-10.1326526648549,-6.59057883902533,-8.32296662173674,-8.42932901093485,-8.92294755603783,6.83968987220882,6.81023452491372,3.32268173278451,5.51013210486986,"Iran","South/Central Asia"
"1190241",60.5794892473618,14.3761947455885,4.73643390479071,0.672253022565642,4.91832047042964,-18.2073650401297,-1.580456157438,-1.36078982151973,-5.31422116499761,-1.2575995311121,"India","South/Central Asia"
"1190242",67.5306498759062,12.7835950765267,9.43918492362106,6.10174798006488,8.45772890984976,-13.7931517228667,-5.58843627792078,-6.33755713614273,-2.49832356500272,-6.7325761899693,"India","South/Central Asia"
"1190243",23.8100551940592,21.6367679198336,-16.0734062325959,-6.24704408414259,-11.0387966360342,-0.283683437470867,-6.61152809749894,-1.66529574752742,2.83626651420274,-16.5587898611495,"India","South/Central Asia"
"1190244",-9.07423166991464,19.6444189971155,28.7477422281514,-13.826863783252,21.5741496909846,1.97274274481647,-7.18814630805507,-4.103874541561,2.73978496622124,-7.64450760883205,"India","South/Central Asia"
"1190245",-27.1539180769463,36.1188883264958,-36.2598117001839,-3.96868559957858,1.59006644584146,2.75834839320909,10.9732521390432,-9.39048700202046,5.64572744688291,0.261940821135075,"Australia","Oceania"
"1190246",65.5497978235636,11.5972445271284,11.7715901047734,1.21330877217069,2.71125344008379,-12.1182610165957,-5.26068076546596,-7.27418852072044,-4.53496510258183,-9.65657447380892,"India","South/Central Asia"
"1190247",30.8155181815447,33.2439088623142,-8.78340410391377,2.60369428030972,-2.70223227344705,-11.1303895051804,1.76363193529213,-10.3572077537708,10.9311304888239,-22.4419686970383,"India","South/Central Asia"
"1190248",30.4756525971924,19.2582584937502,21.5918565115698,6.2497457384804,6.34999441686956,-26.0924467812149,-6.73480520063847,-3.31368113001546,-18.4612596126267,-14.030746605747,"India","South/Central Asia"
"1190249",-16.0333400834782,11.2921011198624,-14.0363412192076,-2.50970544282009,-4.01963792285531,1.65391759325764,4.63113715307413,-6.999235331613,-4.49518151527931,5.54815607798624,"India","South/Central Asia"
"1190250",-18.322985847828,16.4650578759885,-13.5010431557049,-2.47396756071203,-3.6324763821726,2.84237803337443,-0.070810351667161,-3.51028869003039,-1.7811533454304,7.43267302806256,"China","East Asia"
"1190251",-25.9129019395151,39.9788711659988,-44.4754595796236,4.44823953372193,-0.0868717891011335,-12.3738639518617,10.5436813339169,-2.65798999151163,7.85124883186515,-21.1251298113701,"Australia","Oceania"
"1190252",-26.6840394380838,40.714566621798,-45.6985623950259,4.44245773123629,-0.163943909579492,-12.7613263739044,10.9861356603744,-2.75216759604069,8.58647403318349,-21.7323009304071,"Algeria","Other/Unknown"
"1190253",-27.4464310031714,39.0248918743926,-38.0427278779636,2.34062303004167,-1.60288201515125,-11.6938805993799,7.06952233175425,-3.21949419968678,6.24883983860133,-15.7927600050612,"Morocco","North Africa"
"1190254",-31.4149112321285,27.274932712857,17.0219077770038,-18.2256761643104,7.10545605169116,-29.0333569875723,-11.4011373640114,27.6589812776398,-24.0373438074672,17.2489553119154,"Morocco","North Africa"
"1190255",-25.1913530772297,28.1226199517879,-3.12317492959381,-8.36639125883331,5.81759766400067,-24.4911230038945,-7.58072635038806,24.9963604604402,-19.0231679783759,21.882700396232,"Tunisia","North Africa"
"1190256",-15.4735770172323,25.3107064665583,1.47779626821254,15.7108262352644,4.72532768389579,-7.25040004382442,-3.64167899946406,6.06131721125256,-2.40401487216491,-14.6028655923548,"Tunisia","North Africa"
"1190257",3.40682455836552,29.4398535306214,3.06893231653641,2.87968037107567,10.1767693708759,-10.7408964676679,-12.807547192895,-0.385942386552098,-4.22912284763145,-22.943564118101,"Tunisia","North Africa"
"1190258",-40.796282135031,17.4177556855452,25.4391383089069,-13.7548908130237,5.26466926618972,10.4891718951399,7.36761255398818,-7.00940010499487,-2.96701766929469,3.9326598189862,"Morocco","North Africa"
"1190259",-19.5434203856491,38.518080556272,-41.0784808281238,3.47992338564847,-0.604293749863319,-10.3063340788308,8.63710601118045,0.996323585655468,6.3421781394109,-18.8611708211119,"Morocco","North Africa"
"1190260",-25.6495517417048,36.1691786824884,-42.4096163390859,0.326311545422346,5.56532325239003,-5.80297318659345,1.44386252863705,0.287969348346336,4.64163765588554,-7.80334111468407,"Canary Islands","North Africa"
"1190261",-12.5058748010575,31.768386699147,-37.1883969181416,4.17560269433642,-2.87121633325921,-2.61952303214097,-1.842852838789,5.78008311911492,0.967837658871089,-7.63364858591756,"Canary Islands","North Africa"
"1190262",-11.1035499353843,31.2756225802134,-37.6245447814728,3.86357680470623,-0.964846069600355,-2.6473014231069,-1.18236750243772,6.18971937552448,2.11640141284986,-12.789909099877,"Canary Islands","North Africa"
"1190263",-12.6695867890747,23.4065656869724,-23.5980363818068,4.41004952396138,-1.19121462692952,6.35379910873534,-14.3908886670308,12.7792833243707,-0.146946123676667,-10.0490995005536,"Canary Islands","North Africa"
"1190264",-14.1784444512898,25.802945627859,-13.2413356941212,-9.85308976707772,9.59637617031239,-3.4249866057505,-2.19055713174188,-2.7920602160713,6.75670105632397,-0.246332362945979,"Canary Islands","North Africa"
"1190265",-29.9191063673005,4.95529714472657,28.632016498577,-3.97098486949536,-17.1620486034949,-19.449053392024,-3.53660421823956,-2.39614517691217,-9.13786396048903,-11.6243063317769,"Canary Islands","North Africa"
"1190266",-36.6987447162128,23.6836793843576,48.2542159488564,-24.6768554829405,14.7366473645498,12.980309718362,3.21348253184006,-18.5177314743315,-7.3673978127696,3.46979880752405,"Spain","Western/Southern Europe"
"1190267",-27.4201231545756,20.3245518022751,39.5944735870793,-23.8184120040082,14.8168392952093,8.73923856356134,4.00524182746764,-18.1676036376955,4.7767572221112,-4.13623615112928,"Spain","Western/Southern Europe"
"1190268",-28.0075225809528,20.5550442356802,39.7920753799331,-24.0265505995024,14.6735384689857,8.96526105580846,4.12382872461991,-18.2948109227465,5.09543909034322,-3.99467747033314,"Spain","Western/Southern Europe"
"1190269",-36.6176343015367,24.2039575902393,45.8144825369882,-23.8565993433859,18.0831289282009,12.4377276929566,4.82234770383242,-12.9732605681326,1.09470241728526,-1.99337000411669,"Spain","Western/Southern Europe"
"1190270",-34.8218350203285,26.6337072766197,28.758612725264,-23.1218236202532,10.9562743566187,9.74347714081433,4.32155784869445,-12.1331068087939,3.70684678334104,-2.16001928676766,"Spain","Western/Southern Europe"
"1190271",-35.0844064982235,18.720806578914,32.3622283793766,-18.6643865179273,4.13384264270236,8.89933723908646,3.99724728823628,-4.77711817110928,0.734041361221996,-3.35951019461157,"Spain","Western/Southern Europe"
"1190272",-35.5517753430134,22.8317347778742,12.2704487753638,-15.6323541526949,-9.74100586880861,-41.0099802399634,-17.5174852525072,50.4464511143402,-35.2665857737769,31.9748414880153,"Spain","Western/Southern Europe"
"1190273",-11.1909063095181,20.9423104369856,-16.6194134914659,26.071958075015,11.4678920344678,42.0678365132616,-56.6405827992749,16.8333918134301,-5.98243877764312,2.35184702184048,"Spain","Western/Southern Europe"
"1190274",-23.7568810195151,32.2233329191184,14.9131343863873,-12.7141670349516,8.77285323249514,9.99847943424512,6.82109009262976,-17.8559519812215,1.04427102109096,5.48547928678439,"Spain","Western/Southern Europe"
"1190275",-21.4245255926855,14.7426885969594,17.2218194717548,-7.79653962596531,3.24089262958499,-39.5169657422797,-5.59660424230866,30.1129884999935,-34.2873788141527,22.2801697547794,"Spain","Western/Southern Europe"
"1190276",-35.4267623140378,22.6655928975053,12.2388301122776,-15.5019513084354,-9.76828866030562,-40.9127825522244,-17.7368677000475,50.5917671970372,-35.4184707930774,31.7246459321593,"Spain","Western/Southern Europe"
"1190277",-11.716724454607,7.35974205004512,26.5365567937404,3.47080904946823,-5.84534656326653,-22.2143050328424,-13.4390237500015,2.818592138345,-11.5352982806239,-9.21782730871082,"Spain","Western/Southern Europe"
"1190278",-6.189986682012,-6.86232805309498,-10.983433634743,-6.64122203174984,2.95138315821989,0.261532322119067,-7.51338030655225,-3.40217933443872,15.8049097272775,-4.39525510946305,"Spain","Western/Southern Europe"
"1190279",-12.6196344295478,-19.5266281330003,-10.3847831228949,-4.89679510270306,7.59631473186489,-0.400458224782507,2.30758263962036,-1.17047192157851,13.0389922660023,3.18689729347905,"Spain","Western/Southern Europe"
"1190280",-27.5651113435854,45.7311990919573,-46.1709666287028,-1.04525244782015,3.82750385088027,-10.8013318513512,7.69189870620396,-4.98799352973585,8.92866412269875,-19.3636796119339,"Spain","Western/Southern Europe"
"1190281",-18.1347568278839,10.7791586594583,-28.334617375692,-1.34311812788098,0.159502421049405,-12.065253282706,10.6125009043939,4.90860045817054,13.3474586218207,-8.08190892582881,"Greece","Western/Southern Europe"
"1190282",-16.8644926009277,17.9252506920096,-19.3482186743913,12.79910890743,3.76074135206738,21.0077804558393,-13.4419465424959,10.3661273149325,2.12265282789812,1.29746938035263,"Greece","Western/Southern Europe"
"1190283",-27.9156213133068,22.5767302667773,-14.7162424692625,2.55248308301416,-3.32530885725408,8.36208492360355,0.40181798543756,-8.57606272620112,9.10761758738767,-4.89911021117247,"Greece","Western/Southern Europe"
"1190284",-32.4275136371961,19.0296195840508,2.41323775188364,12.7725234061608,-6.41088360017671,7.24611435321263,0.749849610782476,-10.5895407472663,15.070567292598,6.2115277027256,"Greece","Western/Southern Europe"
"1190285",-30.7564298870235,15.663922327753,3.58001483616105,17.4654245591245,-7.824801526637,6.46075216532202,0.0163807900428921,-10.1783735669955,15.2387404908661,5.1848453114222,"Greece","Western/Southern Europe"
"1190286",-19.5227560428854,28.7528562770421,-18.0453865435522,-8.64549797555926,3.27050045790246,8.73361661565859,5.0983153024304,1.7289491590101,8.81446494637684,1.10401497763282,"Greece","Western/Southern Europe"
"1190287",-22.4910530760527,21.9549619112664,-12.6989017093816,-6.12383443370594,8.30878964133843,13.8858632417571,3.92866591588138,2.32297756432278,6.75350328364536,9.31471304536442,"Crete","Other/Unknown"
"1190288",-19.7050315025565,-0.325205533014509,-10.5121846805981,-5.47580350234884,-1.46696306037594,5.31869901812938,9.74530322576522,2.54347157119479,9.53920359590153,3.98926632441259,"Crete","Other/Unknown"
"1190289",-22.2377940489264,33.2222971583321,-31.4886736379102,-7.59910932792713,3.51426190962727,11.3716595735824,-2.15061614973755,-1.78868247708539,6.6972986749627,1.69405648080996,"Crete","Other/Unknown"
"1190290",-24.3977604475413,25.9437804258239,-19.499067900423,-0.96256237143171,6.21117985019363,16.0352264597679,-1.26273396207733,-0.514491958874194,2.96051126249529,8.88579785156012,"Crete","Other/Unknown"
"1190291",-19.6655846956059,28.906465019599,-26.8139754090356,-5.48488941129688,2.21451376955487,-3.29369117365116,-7.01591392242661,-0.496172279606468,4.64834262690459,-7.26963881874372,"Cyprus","Other/Unknown"
"1190292",-19.8217475840771,22.4881654048108,-3.69513573107348,5.81523448311333,1.79009735057181,18.4163256990958,-8.95089136504891,8.24210249851774,-5.24980663015294,-9.23190311743772,"Cyprus","Other/Unknown"
"1190293",-21.1230327518996,23.1212541704926,1.88761340132954,-16.0016577135608,4.78418950827244,11.2085971629166,-0.130228064498967,12.8123726248405,-1.41501674076651,2.10236954987881,"Turkey","Eurasia"
"1190294",-24.7661742008532,26.1438910099139,-20.6657385525816,-5.65868031556291,2.60191464296075,9.55930841036154,7.58155772755254,6.46909770719132,-0.559014806302062,12.363600100511,"Turkey","Eurasia"
"1190295",-21.9108258900226,34.258031344331,-32.1527092739116,-3.71451437276922,3.0227572223107,-1.17924906243967,3.76083699563815,4.28523707831701,3.55760898001264,-3.51846210909348,"Turkey","Eurasia"
"1190296",-11.5962117587581,18.0022266940495,-19.0089589412212,-13.3760530163569,-5.03029607704293,3.98263579134475,8.82217744130928,9.68097410473122,11.6546111050317,7.01175731836418,"Turkey","Eurasia"
"1190297",-17.942206669202,20.4047483972508,-21.9162305000494,-11.4225330659319,-0.0529562796472152,6.23927042964134,2.42413499804846,4.62780938514539,15.7055342447734,1.97512136297731,"Turkey","Eurasia"
"1190298",9.75490994117896,7.18062345460419,-13.9575605975804,-4.74359707995514,-6.28657162814043,3.87876474106781,3.25737233907103,13.7581646859506,3.72986063221846,5.51775579417497,"Turkey","Eurasia"
"1190299",12.8577994659823,20.9868549424395,-20.3299399077284,-20.1011696962479,-8.982201183257,5.62118438910026,7.55822407696942,-2.53225221929361,-0.742981838423375,-4.15891767367057,"Turkey","Eurasia"
"1190300",10.7609963486003,15.9669757545327,-17.8662353073324,-21.2087321552875,-9.86449677110687,1.31747304637977,17.7842428389652,2.94336121685238,1.72051550173714,-1.07925256949227,"Turkey","Eurasia"
"1190301",-26.5371331944656,13.9744903921866,-4.19931691167705,-12.5882640910233,-6.48571006788939,-16.5363126556238,-6.79322809897223,32.2008536739155,-14.8776548509289,29.4957052704306,"Turkey","Eurasia"
"1190302",11.0488549143484,13.1280332471708,-18.4332852305438,-15.332104379462,-13.2666010370406,4.11364646934317,-4.41431451822572,8.73801873086662,8.22351372769355,-1.17696225555583,"Syria","Other/Unknown"
"1190303",10.9046567021407,13.1127859148639,-18.1083888201994,-15.393741991817,-13.2323969572086,4.16229849809443,-4.43572275651686,8.90404932009044,7.89132492115872,-1.20363518302486,"Syria","Other/Unknown"
"1190304",0.875086997163469,19.6249353092323,-27.669934615392,-13.0818483757052,-0.649847880956236,0.254270513683308,1.61751312188145,10.9407326620652,1.23722220170288,0.852852045631586,"Syria","Other/Unknown"
"1190305",-2.70305937607412,10.0233690791484,-8.5437568226818,-0.649787739173772,-10.8414362562075,11.7115043451307,-1.24932409167536,9.1081034209086,7.3036444668949,-5.21367068090813,"Egypt","Other/Unknown"
"1190306",-2.48950569820729,9.67461150175048,-8.19264445547265,-0.438940991161993,-10.6515164648966,11.7027600926835,-1.37294786122113,8.93362541760999,7.06118120868838,-4.81079537515009,"Iraq","Other/Unknown"
"1190307",8.78264300278222,10.2775846776681,15.494084575767,-13.4944260154808,8.50759791921556,2.46605654062441,10.8922231484089,-6.81704928763367,4.0060362578395,9.17529523500947,NA,"Other/Unknown"
"1190308",45.2754230317024,3.18619699020169,4.99570239160928,-0.271724457166208,-15.0837415221079,9.70638834484562,-13.3085973533379,-5.85720199862543,-10.802055933666,-2.07756087332888,"Iran","South/Central Asia"
"1190309",-9.76985225892042,-58.4893623195809,-8.62196165486025,-5.91862294026477,10.3311820042403,-2.2183902717174,-5.98211288645267,5.52061903859182,17.5600582654665,-12.1960227225611,NA,"Other/Unknown"
"1190310",-1.84875396358605,-28.6962448858889,-4.41410022654662,-5.63675868861149,-1.07664480624561,-3.57875429272803,1.14631028501962,4.99389530452517,8.11968654582527,-1.26036845407254,NA,"Other/Unknown"
"1190311",-27.4475130584545,18.3451063475078,42.9786935246395,-25.6446751233986,16.4197521225072,6.54685643650552,3.91638111705522,-15.1086839779536,10.0734319989619,1.90316847512725,NA,"Other/Unknown"
"1190312",-27.5699470212275,18.4090796466517,43.3638534064299,-25.8258778891663,16.5985075373301,6.4884699252182,3.86410179400093,-15.1474468771,10.3500075322937,1.5573860675985,NA,"Other/Unknown"
"1190313",-27.4200790009867,18.248473025103,43.0614165104023,-25.8242387315841,16.5914743186014,6.47345908629507,3.9865947507416,-15.0333992592224,10.3581686670392,1.7605471148494,NA,"Other/Unknown"
"1190314",24.2546660869199,16.5633370990589,-5.59732370631893,-4.78331514133697,12.7918795135796,1.98109251258078,2.14354108648669,13.7941462403928,-0.374621260133789,6.8012096241322,"China","East Asia"
"1190315",12.4458341778503,15.0534325620306,11.7998826806719,-7.67471074402293,10.3795789827902,0.100410902378469,10.6108722097918,4.30969995534124,10.1439633188523,14.1135260155828,"China","East Asia"
"1190316",51.1782657716966,4.88468517253934,8.36721750894587,2.40730286868214,13.6146327401789,4.45661989963734,3.12951065775003,7.19283283322571,9.44302746049285,8.81705974871436,"China","East Asia"
"1190317",26.1398523267525,29.1378923068953,-14.6499152107109,2.74241156561511,3.39833048688751,4.65683073103119,-3.30225982806229,9.56149941460536,10.3550252868821,3.30888515528044,"China","East Asia"
"1190318",33.2265144554882,19.4881520911091,-8.76499452624785,8.71968967514973,1.56088809281451,10.4186800098977,6.88866291705295,-2.79869394879847,9.39017124110594,-0.0443914169649902,"China","East Asia"
"1190319",41.4076544201926,-1.26311737525626,4.67399995936031,2.45324903636344,0.53686204955591,10.7124295571366,-6.6948265842069,-0.382180210826048,4.05756505804836,6.99413897007914,"China","East Asia"
"1190320",2.20605153056853,5.90924167181543,20.6447612804612,26.6619032650318,-0.416958719411417,17.8010336621896,-22.4742388470232,15.7978330218396,-7.58214792423184,-30.4198718328421,"China","East Asia"
"1190321",2.65338802214866,25.255200851638,28.2397466008267,-12.1409469261738,10.3123779569474,10.4528963430503,3.81543903338306,-10.4572637118759,-0.254857135988302,-21.2481198460652,"China","East Asia"
"1190322",-5.58128018733721,25.4101287011042,28.6032532821569,-7.1090006415678,10.0640956855961,10.9016896411532,-1.05660304086212,-10.2909740861351,-5.40751267892795,-16.7711398065572,"China","East Asia"
"1190323",-12.2840630120886,2.00639902932868,12.4655554611151,43.3826671704143,-3.92868162681544,21.7268536232069,-22.303734440255,19.3894776491963,-18.7692890212541,-36.9218289080099,"China","East Asia"
"1190324",-13.1201164529155,1.91212884994193,12.6879977063121,44.7417124958122,-4.24408934070467,22.2454610111276,-23.0402978161203,19.7671690256041,-19.2937748698597,-38.3826243279256,"China","East Asia"
"1190325",-12.9666689590728,1.98251744486429,12.8571578964932,44.4481960787998,-4.17171031752355,22.0724319472589,-22.8768788960387,19.927927277334,-19.1319794798765,-38.0136749020711,"United Kingdom","Other/Unknown"
"1190326",-28.5801602195165,36.9359769656388,-30.9646428756121,-7.07157659240287,2.57284808892733,3.02157088540412,10.7818277972423,-8.0735361328209,4.3198314599573,-3.74677330145567,"Australia","Oceania"
"1190327",-6.86446880225736,-3.31189066285023,-20.2178042859468,-19.2512604089729,0.493761891118698,6.42662752215633,-0.874387040370132,5.18983496578774,1.58004510876553,5.48308389244335,"Palestine","Other/Unknown"
"1190328",-15.6330975725925,-20.7891250350843,6.94088015973711,-11.745829396125,-1.5907157867745,12.7846997154763,-9.12461488489526,4.54357989051703,1.67101484530343,-5.87259360384718,"Egypt","Other/Unknown"
"1190329",-15.1954963936147,-57.7370865765151,3.13301098356082,-14.6664630236145,8.05678794025832,-2.46338155729596,-11.1976527777352,6.90616786589009,6.41741122705346,-16.4420539302238,"","Other/Unknown"
"1190330",-15.2904921785452,-58.4807346165123,2.90310369168398,-14.5867770757706,8.14472973955741,-2.69513460745064,-11.0897110258806,6.97404860802245,6.5130978513541,-16.2662750535326,"Egypt","Other/Unknown"
"1190331",-15.1512744687258,-57.7978982065966,3.20471816025168,-14.2888113300065,7.83952086974334,-2.67537320167372,-11.2817742746629,6.9605499344107,6.40402168750128,-16.3913427545787,"Brazil","Other/Unknown"
"1190332",-8.295786957646,-52.1849669590531,-12.2021753931641,-12.2772334228541,8.77708960356165,-6.06868250872152,-6.54961617433324,2.18113720310176,15.0072463316913,-10.9168942251556,"","Other/Unknown"
"1190333",-8.87993533141172,-53.0846615683145,-12.7974011907766,-12.0490563481962,8.84753141485272,-6.56175685684666,-6.22011926873344,1.8048304918987,15.843565331342,-10.3834637323671,"","Other/Unknown"
"1190334",-19.2286136684057,-8.19008309928486,9.96461481617048,-13.7206546558786,19.1310971144376,2.30478919470492,0.498849155365197,-10.4856757244453,14.772805995786,4.70764408045891,"","Other/Unknown"
"1190335",-3.36295129893655,-41.4201699491336,-13.5015392542518,-13.1890765787263,3.56433700107161,-1.25587150855496,1.17097212938616,1.78217615747304,12.7971761029838,-2.41769528355869,"","Other/Unknown"
"1190336",-20.6741459611981,-30.7735745516253,17.3010648183204,31.4373472735528,-3.54390032062822,0.971430002367933,14.6449071404229,6.8911693272471,-7.93582174883929,-14.4252969909582,"Hungary","Other/Unknown"
"1190337",-9.94272530937957,-59.2319544818792,-8.90604034420798,-5.97033880184373,10.3093331523207,-2.46350509799391,-5.75153288959165,5.32025599143878,17.971993934769,-12.2148447091463,"Hungary","Other/Unknown"
"1190338",-9.59013138247264,-55.5135648904103,-0.579563213531833,-15.5024052228935,8.84166195682863,-0.643466281309551,-10.6685272170387,5.45051416214221,10.8380924137217,-9.40771049867833,"Hungary","Other/Unknown"
"1190339",-16.5391438613928,11.1783481259246,-10.2418751152185,7.8291565572917,2.46995403851446,4.37309629791041,6.22258250513393,-6.60739556847264,1.87196155045524,-2.12262522342471,"Portugal","Western/Southern Europe"
"1190340",-35.1419409117818,22.7999021322199,12.2588124325361,-15.6315343490585,-9.6426571996163,-40.9984967332377,-17.5864835647037,50.5147498280099,-35.2734693801467,31.8299644534218,"Spain","Western/Southern Europe"
"1190341",-11.0430456551343,-27.5196379503359,10.9762684516178,-21.4239822164293,-3.67708213430924,-7.54140329394528,-5.42876514887726,9.1574887691554,3.40329172160608,-2.16938589013138,"Spain","Western/Southern Europe"
"1190342",-15.5951739773463,-5.42360463720003,13.6636963368773,-6.17236723414099,-17.6616240623305,0.871530090983268,1.53327420905411,6.12490183628275,-9.71528064198952,0.81226596977549,"Spain","Western/Southern Europe"
"1190343",-31.8900195551991,-15.817455495753,21.967904560091,-14.6296255171712,7.29313431264617,5.12508278377746,-3.04377838967909,-1.64814381876786,2.10507068897066,-5.1018998860345,"Spain","Western/Southern Europe"
"1190344",-24.4763579871616,32.5674598226651,-20.3773190564812,-6.27368917771813,-6.47305201450543,-8.68614855444492,4.5625296201415,-0.58061965161737,-0.199206142055175,2.12315790156637,"Spain","Western/Southern Europe"
"1190345",3.86641648948606,-39.1776143631808,-12.225218919671,-18.8678111978449,-9.24543789954488,-3.32342235817823,-1.57597936276068,-0.320996857151056,5.08586388361076,1.54229693141083,"Bulgaria","Eastern Europe"
"1190346",4.31697632850195,-39.1243978707436,-12.6805002112872,-18.6120495055367,-9.30904372803933,-2.99036514023001,-1.64462307031123,-0.405429442951874,4.89296317413326,1.40898015953352,"Bulgaria","Eastern Europe"
"1190347",-10.021071783917,-49.3317364088315,1.69832380803876,-18.0190151056312,5.00361210423292,-3.51245269201614,-8.1523134997772,11.1844466131554,2.90378822912878,-7.55757602925544,"Bulgaria","Eastern Europe"
"1190348",-5.63980398056911,-29.77321823328,-8.65670753897941,-15.8569782405573,-0.628167333637418,-7.3324382448694,7.47568454650776,6.57886681851374,8.5328281323413,5.89645403058727,"Bulgaria","Eastern Europe"
"1190349",-7.38648445528835,-28.5327383406424,9.97492830497112,-24.3779154486157,-2.89048156424454,-0.686720817720958,0.154729426797837,6.31725023194346,2.77048071885623,1.09143604459355,"Bulgaria","Eastern Europe"
"1190351",4.20435138359625,-31.7011014958664,-22.238006266916,-11.282520708672,-0.515111485726945,6.30991158412609,9.89531152900748,-7.74324095260164,-3.04963587042779,6.74848771703314,"Yugoslavia","Eastern Europe"
"1190352",37.9921207806383,-9.4315906368412,-12.9575708296874,-18.283532321995,-33.250919990679,12.6290669027035,10.3120920221866,-3.18955343252484,-13.9617950075742,8.93990325083056,"Yugoslavia","Eastern Europe"
"1190353",-18.3126591436246,-26.4720111910804,13.4554090218671,-8.21948215523736,-3.65135484472893,-5.97848458745877,-1.95391226003072,8.06796713285947,4.19602075172438,-1.56964985453783,"Yugoslavia","Eastern Europe"
"1190354",-7.15730852456918,-46.608804202308,-11.7192977799256,-12.9717474307987,0.964813592371356,-4.93738596255772,-2.61281202650821,1.04694489745231,12.65535914109,-8.4669365450241,"Yugoslavia","Eastern Europe"
"1190355",-22.018250963607,7.7231253521471,-14.3422475608798,-3.46679790955481,2.64562280737879,-9.52131064914801,-0.035405646503263,-1.68482177310955,0.644669430966096,-2.08098321197423,"Yugoslavia","Eastern Europe"
"1190356",-7.12581913310914,-10.6501045504904,-12.284146818034,-4.14106931587081,-4.8141660198964,2.09567156060828,2.26947528342687,5.36998418420055,-0.900485737639728,2.66161524711932,"Yugoslavia","Eastern Europe"
"1190357",-24.3288153718711,7.92644640757498,-16.427350289001,-4.68461639166096,2.56411051469787,-11.3499314365946,-0.103570730934026,-2.03645639025059,2.1092033367422,-1.74212151306881,"Yugoslavia","Eastern Europe"
"1190358",-19.2766989010062,-9.5056121991679,16.2052357833967,-15.8777046750076,-4.79771208603566,1.86132274933964,3.02014967874259,7.40839721064629,0.958219540369044,-2.30541719410816,"Yugoslavia","Eastern Europe"
"1190359",-6.15140934217936,-9.19583714435117,-12.7132338874251,-15.6516492638321,-0.600890979181056,-2.84420903174145,5.82290894508709,10.0631075448252,2.53845931722394,9.62114267079109,"Yugoslavia","Eastern Europe"
"1190360",-6.41812180012611,-39.2043571952972,-13.9832318947036,-11.61451903128,6.25341434598232,-5.52840737695979,7.66762390426248,10.4697363763513,14.332502636318,-1.94825862887602,"Yugoslavia","Eastern Europe"
"1190361",-8.37951186860557,-33.0593490418871,-13.3700884314363,-13.5677219346265,3.00751378203514,-3.08101202979649,1.42185228856487,11.8816475905431,9.19633728084219,-0.972243117161971,"Yugoslavia","Eastern Europe"
"1190362",-6.37467512913004,-39.0716429936892,-13.7909808295263,-11.5561413038627,6.32325897584859,-5.45201487754264,7.87741712061267,10.3813921661397,14.2710108495274,-2.18816139008237,"Yugoslavia","Eastern Europe"
"1190363",-8.73008716342727,-8.83542597015323,7.77834271370653,-12.5356418659479,-4.64481260525657,7.88125763469098,6.33880219718136,7.38835877882907,-10.3640154214837,-0.171071599554531,"Yugoslavia","Eastern Europe"
"1190364",-9.41487899693128,-30.5715361400356,7.89954507351875,-22.8495051285091,0.811112902811732,1.61600812644622,1.96925914102855,3.01458229557195,1.1345331523045,-3.73019965573014,"Yugoslavia","Eastern Europe"
"1190365",-1.02163490666237,-29.694981772724,-15.4229304755905,-8.96112966511221,-1.67773084116782,3.90865483027351,3.83183284322513,0.758660164812628,-0.523289157649689,4.62449958321535,"Yugoslavia","Eastern Europe"
"1190366",-8.19808746980057,-34.2836963518175,-12.9845315725259,-13.950820388811,3.00210668917299,-2.37563546411122,2.36335493592372,11.6000758718495,9.1995637398074,-0.737090240852713,"Yugoslavia","Eastern Europe"
"1190367",-1.22596574974952,-29.8921338475359,-15.5691806973344,-9.15050368807073,-1.61759333397729,3.5305372514012,3.66345219032465,0.575052599246586,-0.206857384215993,4.91675846241689,"Bulgaria","Eastern Europe"
"1190368",1.71617795300017,-40.5009897511656,-15.4036100912635,-21.4130176614094,-5.75456766057594,-9.41377631440188,1.37168236734344,3.82621728536811,5.92625083874624,5.66817454831023,"Yugoslavia","Eastern Europe"
"1190369",-32.0244789464912,21.0550296765269,43.4799141664976,-25.2860052972974,18.7176001202195,8.89905580177147,0.488486803649749,-15.6284806621825,6.0942346439868,2.20034788688001,"Yugoslavia","Eastern Europe"
"1190370",-36.5796982314623,16.0907460004259,37.1372544850758,-19.5355907620259,5.70037059341673,-14.455599796079,4.57255227602903,3.04125970161461,-15.2188322695917,11.1802038468395,"Yugoslavia","Eastern Europe"
"1190371",-13.8141829753014,-49.8317545892675,3.49265423209177,-3.75052267180516,9.77477377793101,-0.922659170174168,-3.99804093223263,6.40433340810914,11.0642178314315,-12.8396400843838,"Yugoslavia","Eastern Europe"
"1190372",-26.8903702870215,-8.55352516651241,38.6855989007429,17.7217756195154,8.15236422064878,0.683415183753865,22.9155598912789,0.564009676340466,-15.537264055812,-12.2424705565394,"Yugoslavia","Eastern Europe"
"1190373",-32.8861426822661,22.9666701137325,43.0985669509386,-19.3189729414748,17.2048505370478,11.3789202039293,0.426129528101827,-12.6155346285671,-3.11969974211386,8.53770467750942,"Iran","South/Central Asia"
"1190374",14.7115734020402,1.62932239483427,1.85336472493447,-12.6124025099574,5.89504530111053,-2.98633425720029,10.0386568211292,-3.80392962616513,6.24443662110705,4.18320824586576,"Iran","South/Central Asia"
"1190375",45.0387167017037,5.0905321147249,5.4564075921345,1.85789627588393,-15.0145818957277,12.1621388412568,-12.4143165190445,-5.40628002784791,-8.86997081666103,0.119601910425378,"Iran","South/Central Asia"
"1190376",16.8816157823941,-4.89376900308329,0.653756459289095,-10.1251332001512,-7.39034868097991,12.0922684685394,-1.44508705292957,0.465705880735778,-3.36313662890358,4.2953942853692,"Iran","South/Central Asia"
"1190377",32.2218026642562,-1.6182544464462,0.215661616384342,-0.146384804227823,-8.86755608773584,7.08346699664952,-9.46492836148885,-3.07513178871422,-5.24894360960732,-3.38719541068541,"Iran","South/Central Asia"
"1190378",16.4759681569122,1.28459531036803,-4.44873802377423,-7.91491999030747,-12.4176363603665,1.50701825604103,0.766919337324742,5.98942621564171,2.2157403514368,6.99920752793789,"Iran","South/Central Asia"
"1190379",4.73032728208808,6.29781643688547,-3.08214316948026,-18.290309606495,-8.01418962448013,1.4745354206111,-1.02391192031641,0.75675478658582,6.18044602457935,-1.92258976586965,"Iran","South/Central Asia"
"1190380",-16.3323296011545,36.7107699496803,-33.6435059393941,-3.45524469574658,4.98208531914084,-13.2919384563162,8.81809039040371,2.35316223617694,11.2690504922372,-7.35885847593832,"Iran","South/Central Asia"
"1190381",7.761064450518,7.57847347212133,15.2176221173278,-13.507424081856,9.01213431698711,-3.65493622443694,12.65768637985,-4.27260040498284,4.02379296400689,11.3628329649133,"India","South/Central Asia"
"1190382",-7.25900192078093,-11.9039712209572,5.82297561349005,-16.3565616606783,-10.5516071103112,0.499716946237386,-2.82713423814482,12.7448960107557,0.884758668049361,-3.05496791748613,"India","South/Central Asia"
"1190383",-12.6244936908294,-31.3247538424269,10.727264855012,-14.6405279786388,-4.45252679708582,-1.87604026342107,-1.97523679881561,15.6543197945985,2.40495758254207,-6.53927923246662,"Greece","Western/Southern Europe"
"1190384",-12.7356301441516,-31.5953100170522,10.8212412767219,-14.5450804696914,-4.69865617587848,-1.88105688685881,-2.07096844304803,15.9405942664713,2.47235963687986,-6.47283175085988,"Greece","Western/Southern Europe"
"1190385",-8.94174658636024,8.83804445100997,-9.09661212047162,-14.9776071688527,-9.34473629586464,-6.62287982980266,6.25679221050419,11.0931145935282,2.66868206814347,15.0547940899614,NA,"Other/Unknown"
"1190386",-11.499980331281,-0.186730705173577,8.13483912644258,-7.43788404300224,-10.6922610488563,0.606416150916486,2.36017862437469,10.5801147064305,1.18766388193078,-0.698321100174234,"Spain","Western/Southern Europe"
"1190387",-16.6441826528488,10.780692919368,-31.7128553197757,-1.07455837819671,-0.0674877986489127,-14.3784710819932,-0.292236470248615,2.02155317380683,12.0964415344504,-16.3143481661602,"Spain","Western/Southern Europe"
"1190388",-25.4626152499063,43.6569514326103,-41.815372960884,1.850894984681,2.73923105430906,-11.2958032535998,6.65621853116244,-0.568852143032977,7.33233614836621,-15.3459312680936,"Spain","Western/Southern Europe"
"1190389",-22.8093414836673,38.25208329048,-24.4989404111736,5.85049603245038,5.35175339319312,-7.01769958918744,5.76807675554955,-3.05194893710946,5.85612408639156,-11.587024364223,"Portugal","Western/Southern Europe"
"1190390",-28.1830532440939,16.4179244425696,40.3624433295355,-26.9003692453609,13.4419087031448,7.29073434815657,3.60326452189531,-8.81958580247064,0.0118708075144983,3.64058699220716,"Portugal","Western/Southern Europe"
"1190391",-25.089746878317,14.0047243751185,43.2359580504196,-19.846691023722,14.4167140663402,9.68378041826363,6.56510003067571,-11.5393612580566,2.64220983239126,2.46957707035383,"Portugal","Western/Southern Europe"
"1190392",-0.758139931761864,19.2680564557731,-12.7497079450872,33.379076072569,5.64648831252688,47.3727416988234,-63.0527523134841,20.8655118957687,-2.97215254236582,-7.42384360378149,"Portugal","Western/Southern Europe"
"1190393",-5.85472122884445,15.9907726844224,-11.0606270031739,33.8645794136239,6.0419212049985,46.8765068407883,-63.4210699028567,18.6356053447198,-3.12718468313411,-5.6112436357434,"Portugal","Western/Southern Europe"
"1190394",3.66170141562966,12.2139580575734,10.0336955823472,-10.0066768643841,7.50778754609672,-3.94624536928601,13.503969548524,-3.65372533470968,-2.93531616477402,3.77733189155426,"Portugal","Western/Southern Europe"
"1190395",-31.3521642219102,19.3385622712974,32.0379720087742,-20.5157254615665,7.96123926561363,9.64560114539144,4.17203537704394,-4.74008027459168,0.757601666080512,-3.45353882496603,"Portugal","Western/Southern Europe"
"1190396",-7.58519599132276,-6.59736434100834,20.6687602524799,-8.71472917149007,9.35376656675554,0.730168664956393,12.1878843085305,-5.54490166163442,-5.09566370546456,-3.50722961118033,"Portugal","Western/Southern Europe"
"1190397",-35.6804116329482,22.9388998176516,34.1931882412084,-16.4198950791405,5.41964996274148,18.3615003739499,4.79789360677394,-11.6811294461989,-0.242632511737963,-10.7289773119414,"Portugal","Western/Southern Europe"
"1190398",-10.5297187842339,36.6634796277315,-29.1456852754436,-3.55057940015765,-1.24343214864169,-0.940341042864834,-6.57340552089312,6.27188539075123,-1.54414138374307,-5.28189589731963,"Palestine","Other/Unknown"
"1190399",48.659339423602,10.7050094299977,7.52593496014476,13.9848029174607,8.64985935075425,7.17874885997343,-4.18750614642441,9.82356207172476,7.30532827605425,5.57353340836052,"China","East Asia"
"1190400",66.9316343404921,18.3856613172541,12.6033303839726,9.54780274542369,3.49283715874156,-9.62831299552663,-0.0338782308279218,4.8129833488707,3.60228329889933,-2.07145635758347,"China","East Asia"
"1190401",-28.3546330115483,33.7131545082503,-28.4002471812093,5.70340152509542,-2.16262625452441,-7.34847374584672,2.5849623724012,1.92133516369109,1.18697167129224,-1.44782983343049,"Portugal","Western/Southern Europe"
"1190402",-8.1245911028919,-24.1129506472006,6.69805476874657,-20.8696810361263,-6.88433320683819,-2.01923254411738,-9.35753057907758,12.726976774144,9.26203158023763,-2.21893614189176,"Greece","Western/Southern Europe"
"1190403",1.79775569353673,-5.21523486934045,-1.7203528191275,-17.703139481682,-8.66656317685232,-8.40822240017675,-12.2202103598638,11.9723986228848,1.59182022626637,11.5623007622629,"Spain","Western/Southern Europe"
"1190404",48.2999973223847,2.75339833314279,-1.6232307295522,-14.8046244782275,-19.7036095667366,0.672709122586421,10.0547064324297,-0.832554444883181,-1.2962476318907,-2.46192844876011,"Iran","South/Central Asia"
"1190405",5.18090461797656,1.50532208886717,6.51306965944153,-23.9446361280871,-7.60757221182093,3.88931797858869,1.7464350987267,5.78152526098591,3.04067679062475,-13.351092282053,"Iran","South/Central Asia"
"1190406",54.089214552482,19.8291969696308,12.9331969230282,3.38105686299441,7.31619882195953,-2.95589736429078,-6.73280590454987,-8.09346163681043,2.20611080864063,-9.18500386725392,"India","South/Central Asia"
"1190407",30.6948266454146,17.2985748332612,10.9932268648058,9.70837969348401,10.7652425636737,5.0085768558755,14.840261242591,1.52988458176002,6.84156375472609,6.50524606751339,"India","South/Central Asia"
"1190408",-5.87772597245854,-55.5603429996704,-8.19777026050592,-11.9028626478896,13.5906260588537,-3.24003681866819,-9.67441456367164,-3.26999900553361,16.1444999030557,-0.0548933887550857,"India","South/Central Asia"
"1190409",17.8749277803417,22.8843527154197,20.5293363045484,11.9073738279629,24.179337677803,3.4124476286483,-14.8367337794985,6.76834476698053,-8.12625084155902,-3.85586168127171,"India","South/Central Asia"
"1190410",11.5086181974454,-27.5543260180877,-6.99980135196413,6.53306687874141,15.8808244317225,-3.77534561994594,-16.6608813724059,2.72909024384096,8.4161182740197,1.20441932691942,"India","South/Central Asia"
"1190411",-26.2575023510244,20.4041810574278,37.6590576882562,-19.2314748146392,16.0357912089792,10.7429645713213,4.0664595881821,-13.0494859128659,-1.02950452637785,2.6152905933429,"India","South/Central Asia"
"1190412",-13.2513050234066,-6.76860526688398,26.8667995726457,-19.7156240454021,6.8116720509577,4.7307587741111,4.94542935707699,1.98346456603001,7.99063454326787,3.95416831160651,"India","South/Central Asia"
"1190413",32.3508270308522,-10.2287206252965,3.32341825888151,-0.94339918140344,16.8806324241844,-5.81836024118772,0.356786617801303,-3.63768176048894,7.39310286029237,1.70960051498767,"India","South/Central Asia"
"1190414",0.363570444852961,-27.7549581028828,4.57613094729564,-14.3916734169581,-4.35961837624846,-4.29672476311342,-6.00968851957317,11.8751254107382,2.49087897613795,-5.8933456462451,"India","South/Central Asia"
"1190415",50.1460961441338,17.3647181633366,-2.72277588840809,-0.017248917126806,21.1253775057049,-18.3604251289972,-8.75289028298762,2.47581416013399,-5.94915201267556,4.11289306274176,"India","South/Central Asia"
"1190416",2.50256104962806,6.75223797931603,14.481396082055,-9.3668328090132,15.8710942789314,4.38966484477238,-3.17527560491526,-24.0400688486987,7.626763994753,-7.69331319335449,"India","South/Central Asia"
"1190417",-0.137470006725807,6.27697938466465,24.9632205737812,-16.0888670009944,18.9937139164972,4.58965920959931,-5.76541653228451,-17.1914149364106,5.44452269729167,-15.4852150410395,"India","South/Central Asia"
"1190418",40.8766953317646,-21.0507123655836,12.1109171545562,-7.19181214667593,5.05278466630404,-7.10359350054075,-11.2994509394116,-10.7308866965909,7.75985960308532,-8.0084537425932,"India","South/Central Asia"
"1190419",46.6020847060118,16.9136736542212,8.59908421058138,2.37724477863844,13.9030302204477,-19.4300930499465,-0.447065288143803,-2.95567335489034,-3.21137825753998,-3.1822617162004,"India","South/Central Asia"
"1190420",-11.3563516840808,-0.297710684682446,15.5732745465372,-14.919344058793,-2.78576939200828,-32.9202771845329,-10.9350794179439,42.1239302865833,-29.6574666953216,19.9861245896246,"India","South/Central Asia"
"1190421",62.3632947264214,10.3950656733996,7.77546376159468,2.01524045549535,-0.674522013263684,-5.03349181041893,-2.67853502668163,-1.15734143401871,5.7978349782593,-7.25840317643137,"India","South/Central Asia"
"1190422",34.7059286842679,9.84118077975859,0.0718021530740587,0.0621895192518074,0.520992812736442,-13.722538156477,-0.804996387959538,1.3178873237364,6.13372324580207,-7.74557940172998,"India","South/Central Asia"
"1190423",4.00517284756552,4.70607093157567,-2.37119462076462,2.90954177909054,16.2969675564662,-4.68475905017458,-4.47702153612755,-8.7752216353914,15.0595428270664,-4.54647251628995,"India","South/Central Asia"
"1190424",10.9932415610307,-1.00663709145976,4.98918975730614,16.9490191408054,-1.97019586241573,-14.159907415996,-3.31687587882237,-5.22544216781699,-9.80159345228729,14.7920936149528,"India","South/Central Asia"
"1190425",-35.2429995614557,22.9283481354615,30.8011305079703,-20.6818929163004,2.48884933437897,11.8344036928355,4.36356985276935,-5.61677042748711,-6.41256132018008,3.61954850484624,"India","South/Central Asia"
"1190426",52.779427526659,8.69061411053404,4.74137125706875,3.52113935792613,13.5063202111593,-18.401039768296,-9.92641485326515,-1.44735416940337,-11.799169971024,-0.562426749698991,"India","South/Central Asia"
"1190427",67.6533283795851,13.7278194153846,9.12785950148134,6.79020547128401,14.141111218219,-16.7219102349242,-13.5279702850773,-4.6938437997942,-3.83625710881808,-5.44800431514999,"India","South/Central Asia"
"1190428",24.43985035191,18.0309673581264,-8.6267726684163,5.75389974449323,18.6309088216837,-7.21817856658272,-4.28750193201567,-9.16202510417906,-2.58445902195654,0.564721217736635,"India","South/Central Asia"
"1190429",41.0460239414013,8.85896098267341,-2.87360438215232,5.80335593892277,14.6792794606821,-15.7345689419276,-2.84019888976744,7.42826866460028,-2.27230565312637,14.6814266128766,"India","South/Central Asia"
"1190430",67.7831549258453,11.2924892585079,8.5348468542856,1.09840691948844,-0.4559131609857,-10.575628712392,-3.67996534494558,-4.18322366719536,0.802297730227194,-11.9056188158181,"India","South/Central Asia"
"1190431",12.6205678522262,22.1795534905556,-33.0490567376091,-1.00946788175196,-6.36744005325389,-20.4727910876633,3.12848540884097,7.78598343977914,-1.17784492843478,-18.7464138705383,"India","South/Central Asia"
"1190432",21.8269687069414,14.5757866065829,-11.4915724235337,-1.38787654283359,-6.3737781031303,2.82706050759582,3.57937384576401,-0.520586311959657,-4.06900642896411,-5.97423555368138,"India","South/Central Asia"
"1190433",60.4478593298148,10.3449640524211,8.73329282639007,-0.371936589394018,-1.85855419220077,-16.0972953203031,-9.18844043863316,-4.55535425951716,-4.54334695936209,-15.0840991426112,"India","South/Central Asia"
"1190434",-13.1650289026482,13.0228352853041,-16.4486064783932,9.18472341971759,7.51688592947633,-5.72703640308833,-0.079586270021436,-5.83083297737066,-0.221509090218111,1.90340625223658,"China","East Asia"
"1190435",64.8883955973628,14.2740795866259,8.07994536044906,14.8012132514125,19.2399621954559,1.44246621526323,-1.16642039556232,7.05924887031644,11.7676018563864,13.5117365526726,"China","East Asia"
"1190436",-16.1960568163652,-11.8303639815812,0.478961404959887,27.5135921626682,3.18386598118523,12.5788894576674,27.6143907619628,12.9192166759916,0.0538494649979095,12.02266043522,"China","East Asia"
"1190437",-8.00956562607001,3.0960253265742,12.3805197046129,6.80721519082915,2.84636895918936,6.39498885518902,10.4518631283677,17.1573107469175,2.43754782547352,10.1654871403029,"China","East Asia"
"1190438",-16.2125156012247,-11.7324735744336,0.396253569765561,27.4380665779027,2.90718654346924,12.6000087544546,27.7426946219826,12.9042956208945,-0.30017089382875,11.9794463913525,"China","East Asia"
"1190439",11.7105664679147,-10.4234611442493,-6.31333983046278,3.3659612467082,1.53465289023377,1.0021499955318,6.47860497963725,15.4966505147622,15.4180166154409,14.2602449832424,"China","East Asia"
"1190440",17.2974695615023,-6.83435188282787,-3.97303174681943,4.10157660815923,1.45568389606458,4.99652664065643,9.48149566442397,10.7178752274558,13.5401525056878,16.7245057538833,"China","East Asia"
"1190441",32.7761454697343,23.3127247566065,12.2617222287171,0.582572814480634,22.3657890827345,5.87779284728996,13.7052359882339,5.6075852733318,12.9763073105801,13.6257985283371,"China","East Asia"
"1190442",24.1512633578686,21.5779875692872,0.119123392800477,1.10840849623838,2.01561106206297,12.4355953915438,4.43739257694525,8.15680898716011,15.5735636075388,10.4975661324342,"China","East Asia"
"1190443",6.26305435605743,0.133332663255032,19.1741545712177,-7.16948338772345,9.72050748011617,4.31272355987923,-5.04167405592861,-2.18479580611486,6.98293680630561,-1.73019666870217,"China","East Asia"
"1190444",2.04463532988487,31.754374527311,-1.6013350309938,2.83765529369078,5.57383717336088,16.7424997681651,-1.339981611839,-0.0368314505907978,3.64567551059844,11.3791381862886,"China","East Asia"
"1190445",-2.60893680574363,-1.37909043814661,-2.76941444075342,0.119505902918424,8.22516233077625,-3.37539547804296,7.68065142852717,3.89891555246624,6.83406409391967,5.26222557424789,"China","East Asia"
"1190446",11.7353198550923,-0.208451308521222,-2.78622086537187,24.4603349000076,-4.54559532355175,9.48771051584953,22.3166110817408,14.6757010323472,11.9480078599875,18.9121583834158,"China","East Asia"
"1190447",-7.63094095649757,-50.5978223912803,-13.8817693106751,-12.3021661972545,5.15177634664068,-6.30650786753708,-3.22398451214132,3.1306258707547,7.75414397124973,-7.89629682187961,"China","East Asia"
"1190448",19.7274335187105,-11.5350799259743,18.3402704031526,-9.94098778804871,5.39959714361035,-2.70377385923312,4.8559326248586,9.34554610677257,2.36847544679027,8.24422680478435,"Romania","Other/Unknown"
"1190449",59.7237553907207,16.4821552767409,11.0734625001603,12.3788358158147,17.8601027236189,5.78867213339311,6.1768489529648,11.8418051430607,19.8562491761181,13.1468293664536,"Romania","Other/Unknown"
"1190450",-7.67621764855434,-50.7656782915983,-13.7235466677745,-12.3111020676248,5.09191963862397,-5.98341745920001,-3.10585316594,3.58088978290761,7.7396369317333,-7.95949451638675,"Romania","Other/Unknown"
"1190451",-6.53488147871443,-45.5184187783753,-10.9908693856069,-9.67668225283282,4.90999938474462,-4.93348482837445,-3.34909222249878,3.3430365630698,5.5964826074028,-7.53691822996229,"Romania","Other/Unknown"
"1190452",-8.00676243232842,-53.588739639328,-9.65567710767911,-9.64569851772595,10.0315541959378,-4.34587297067142,-4.79359386197401,4.57310138589572,16.5946867104392,-7.32995043222962,"Afghanistan","South/Central Asia"
"1190453",8.03579151400792,18.9284163723317,6.06372572764248,-8.75497188224952,-7.78501387917903,-11.9811966452417,-4.72034922367573,7.90172334240174,1.45682877028465,-18.453402343945,"Afghanistan","South/Central Asia"
"1190454",-13.5564905793536,11.6282863624425,14.6266153267463,-4.23956025798223,-4.89037844620835,1.93402055940138,-4.55514500597816,4.41136733025736,-1.16519744742611,-7.78729327400992,"Afghanistan","South/Central Asia"
"1190455",46.7501060523858,-2.52176756828755,5.09542807635226,-6.95370173340795,-2.39987620905994,-8.6955692053009,-3.6077083221971,-8.7382845434739,2.05897135033448,-7.18124053679176,"Afghanistan","South/Central Asia"
"1190456",52.2693351513268,-1.27255756222799,1.42489011789045,-11.2640114147408,-21.5157780747522,6.82718572561764,8.95944663956924,-9.60295075112147,-3.9037523024418,-1.86207459856195,"Afghanistan","South/Central Asia"
"1190457",46.278807589226,-4.73702408575247,-8.13477184866408,-17.3734439084811,-31.502282204919,9.96808405037114,7.45546658871137,-0.1462793371638,-10.0572247594519,-1.96639013082919,"Afghanistan","South/Central Asia"
"1190458",-5.54160967325013,4.32152096593074,6.69020824440031,0.761627051932192,1.57936648408653,1.42549245451212,5.03891148128058,-3.52491313325554,-1.21126965007285,1.42557465620537,"Afghanistan","South/Central Asia"
"1190459",-0.782025093023214,2.16069088864524,4.37090179268815,5.2072332331992,-1.73526338820484,8.7545309576496,2.56960282194593,-2.43783197714168,-0.714383382708916,3.9683950318898,"Afghanistan","South/Central Asia"
"1190460",12.3731878837659,-26.4813340513467,-7.50714085570629,-11.2072857342567,-3.9872926967143,4.15417464595389,-5.47284471546349,-1.21623259597407,12.6697210403163,-0.239507647633159,"Afghanistan","South/Central Asia"
"1190461",69.231101134397,9.7930709291953,10.3178435292658,-0.125263286232113,-0.0134960908464804,-4.29628107949817,-5.13053350126294,-2.01378637335491,-1.00290672189725,-3.66581110532385,"Afghanistan","South/Central Asia"
"1190462",4.9208692817157,12.9912850240513,37.6116096507649,-14.3229201680189,9.29646225341303,-9.46370919179924,7.19402641272816,-5.06848814525742,-4.82479826514304,-7.83432964930123,"Afghanistan","South/Central Asia"
"1190463",48.3573640436765,10.5081857544356,11.8067555427658,-5.57334292356847,-5.2406924356511,-0.0918044504456149,-6.0271687943397,-2.90749389063804,0.973356345778198,-10.013112823053,"Afghanistan","South/Central Asia"
"1190464",2.30877965655948,10.5164051879101,28.4164032628339,-13.9813350376339,9.64120751272944,5.84031096359659,6.6273818901262,2.84055323325693,-2.1572644084013,-2.00619420564981,"Afghanistan","South/Central Asia"
"1190465",49.2802374690465,10.6396114479919,33.0383879952759,-5.41221185635299,1.94777381789819,-1.83033137655283,0.59101423906941,2.69017821668779,-1.79187354393627,-8.6703887785109,"Afghanistan","South/Central Asia"
"1190466",54.1016367309656,9.64039642863272,13.3364579883363,-7.47449636341738,-4.48671061294872,-5.73991029632568,1.9495368153915,-7.18324241925436,0.251728225445953,-7.58825039642315,"Afghanistan","South/Central Asia"
"1190467",18.4171937592233,7.99429618565826,21.8059052173248,5.13752352877935,-12.3888005967457,-0.643145063890834,-12.4569797531924,-12.8473740678321,3.5178088346998,-11.8211400824312,"Afghanistan","South/Central Asia"
"1190468",69.3754880827763,11.0328033494332,10.4880067680971,1.84821335235986,-1.20119473158597,-3.96636935586125,-4.16254596163135,-1.97772854678974,-0.162472731717063,-3.98453640625331,"Afghanistan","South/Central Asia"
"1190469",63.0445082986508,7.33023471536969,9.06118206619142,-5.2113589581329,-8.93576554379348,-9.39321675062395,-3.50369015322537,-9.87221583699691,-1.87627007580441,-10.773840072581,"Afghanistan","South/Central Asia"
"1190470",54.2184293440456,6.32202839484011,6.5358487611642,-4.5169054443094,-8.73274171248325,2.16400019733277,-4.22706171385873,-5.75494019318148,-3.98751560025512,-4.70417807645571,"Afghanistan","South/Central Asia"
"1190471",55.3002667139639,7.25745159036088,6.30762919996107,-5.44785996219964,-12.6196724876935,-0.273302956988119,-6.6390901693137,-2.7710359273231,-6.30898812563136,-9.49078802596212,"Afghanistan","South/Central Asia"
"1190472",24.9746340593064,4.23043322713593,13.2427009117097,20.5940495757325,-8.87980678201266,-27.912198053479,0.822522949219194,-8.60972766701776,-8.15072139626813,-10.7506448733913,"Afghanistan","South/Central Asia"
"1190473",52.6830937019794,11.1846461780413,5.24924606039508,2.22288828465018,8.71505761683053,-11.8105222346782,-8.38354956061784,-0.378727357865803,-0.714897789901095,-4.76085202506705,"Afghanistan","South/Central Asia"
"1190474",62.2044233054441,14.852809208724,9.81052796242267,-0.837630757402469,1.67698303094038,-3.50659784530215,0.3543775336466,0.455203550395561,1.63656567927539,-7.71619130785246,"Afghanistan","South/Central Asia"
"1190475",38.0264669927369,-0.220951837442672,9.57494874377524,5.22264814532075,-5.43797398787002,-7.46849528011172,-0.475972595893255,-6.49787907169106,-3.25877088273375,-13.4098862320154,"Afghanistan","South/Central Asia"
"1190476",61.1908838251056,8.6689201410582,8.95685601830053,-5.81097161171067,-6.523114593002,-9.38023006307079,0.568908765247589,-8.09115258172213,0.987593010950059,-14.9591985949759,"Afghanistan","South/Central Asia"
"1190477",-28.5849250810782,42.622221994068,-28.5937250974932,2.97308464020961,9.64249458581978,1.01734345440072,-3.11487396409965,6.22866078855747,-0.391440435647365,-3.66996665707491,"Portugal","Western/Southern Europe"
"1190478",66.7713731457166,11.4238270120204,16.0626090052501,-1.38250324259287,-8.43980146691672,-6.11055872446795,-1.98436858992205,-7.50662995652382,1.41924682013187,-16.645223038387,"Afghanistan","South/Central Asia"
"1190479",67.2974401580679,10.7084111712184,15.8294696176589,-1.02559038381667,-8.86256922277702,-6.33276261973796,-1.61381533275045,-7.56188051426229,1.68206289434192,-17.0085105033097,"Poland","Eastern Europe"
"1190480",-22.5842176281341,-30.7242475464722,12.3394146362184,27.2792593457397,-4.44374125986662,4.72544221237403,19.4667412042845,10.8103857494156,-10.839244581169,-19.9969637858503,NA,"Other/Unknown"
"1190481",-14.0880136563375,-51.3383316416144,6.21632864231618,-8.14519097482976,13.6420415927845,-1.92213033868282,-8.52097727066191,10.8004538118885,6.92182623377377,-13.1401968375681,"Poland","Eastern Europe"
"1190482",-14.4161117080647,-52.4461040665679,6.34642254360788,-8.0478739251997,13.8193746140699,-2.34507072063006,-8.76337822187874,11.3714898337107,7.41179814455092,-13.1785177543049,"Poland","Eastern Europe"
"1190483",16.7260313079303,1.80249576644512,4.70275486043179,-14.8874111323582,-22.2918080250746,15.3049784992725,8.56430677956968,-5.25969658478102,-2.18587013206969,4.06130320308746,"Poland","Eastern Europe"
"1190484",-23.1497346029744,16.8893010094176,-12.0515358605002,-5.09861956128132,2.47542331795212,12.1100438305095,1.76180739145665,-6.26575255775386,10.3354000309787,5.45661084134663,"Italy","Western/Southern Europe"
"1190485",12.8205691897476,7.66731966066789,-3.8566364357664,9.2617295790249,-12.5278634797072,20.6357953851443,-23.7161027941295,-0.966832474586317,2.01423003401669,-5.38270380724939,"Algeria","Other/Unknown"
"1190486",43.6129588377588,-8.98073263854229,-5.17092337179001,-21.9632409232175,-38.6951631195608,15.2717780406764,6.16990457237156,-2.59445853084615,-12.3805109490173,4.47382466291656,"USSR","Eurasia"
"1190487",40.7591200121079,-5.60753324673931,-7.96170787396852,-22.1667940554604,-40.0300628369963,9.57676789032622,15.0451028450992,-1.22286217612536,-10.043074358518,1.23580235674404,"USSR","Eurasia"
"1190488",36.8783693615706,-6.70347156797008,-7.44757391506423,-17.5621514207223,-33.8829463029823,17.8799111463475,10.0764208594502,-3.01306180043526,-7.52018141899924,-1.07404413401522,"USSR","Eurasia"
"1190489",37.4470523762742,-6.79125728396302,-7.93420833221576,-18.1751673185093,-34.6287890181031,17.8654673804264,10.2708370326023,-2.68061415435502,-7.22995784267981,-1.41856459667676,"USSR","Eurasia"
"1190490",-29.0776998423815,19.4984733720321,43.0712596749372,-15.0476905508354,13.9807957525103,9.38263859599152,2.56640942182275,-19.0719181105293,5.62843775238674,-2.88015039042802,"France","Western/Southern Europe"
"1190491",-28.3506432456866,14.5996022150865,38.20933306191,-11.2886185550419,12.1870995528933,12.1152697251218,2.38210373747894,-16.9388620346952,7.00860174337591,-5.50668439686945,"France","Western/Southern Europe"
"1190492",-22.220419733629,-16.6047627944666,12.3808162803149,3.17789726232905,-8.79372976162809,11.4499270779006,-2.07578635253107,4.91582573164347,0.105398844554858,-7.95655977642077,"Spain","Western/Southern Europe"
"1190493",-13.0161302332629,0.83571342595338,-19.7418437227522,4.0743499487442,18.9541276428848,-0.139571897092849,-12.8176593011434,6.49979051671387,-2.87620552619466,5.11021864385936,"Tunisia","North Africa"
"1190494",-24.1996549725219,29.0824905370155,-24.2869728395635,-4.78844279221243,-3.02016030393027,0.849774486809822,10.6072265487001,-4.74456870924388,13.3818297635635,-7.48644829700907,"Spain","Western/Southern Europe"
"1190495",-27.6483406698948,43.5447202878147,-44.5713758089307,-1.99866931622574,3.32456873734776,-10.8159524968384,3.56602771802239,-6.31426843167091,3.79342840736196,-14.1057374395392,"Morocco","North Africa"
"1190496",-26.5333933365443,42.7690756258008,-43.8260875833581,-2.39577505568834,3.15547733923889,-9.90042946018315,3.83991767477955,-6.37455363365691,3.6584803658131,-13.8751428556682,"Morocco","North Africa"
"1190497",-28.6759972749462,39.6447837658318,-17.9976415451914,-3.9535221043847,1.22864274295498,-4.00845301166768,4.27151060609091,-2.2102335551495,-0.567925447324993,-23.9815214418365,"Morocco","North Africa"
"1190498",-4.72044449275959,22.1486351541925,-24.4176851517735,-2.22433206089996,-5.90033965429088,6.40378367895097,8.75344265020633,2.62908833399859,3.49745582658008,-6.57517507275483,"Turkey","Eurasia"
"1190499",-6.08334934217023,2.26546396127493,10.081437912589,-18.3645102617672,-10.2896400867013,0.170822008815585,3.70358286016409,12.4282358190566,-2.41391776482791,-2.346127568808,"Turkey","Eurasia"
"1190500",36.4464523378361,1.66353466281414,-5.12479559631336,-11.327095686432,-22.4262020508808,-0.559819298845484,6.11265433239021,-8.36307744176245,-3.63326934079629,-5.42834804256752,"Iraq","Other/Unknown"
"1190501",70.7307172863242,11.5305418320162,7.28327899540326,3.64054152128156,3.02322425568655,-14.1198599152111,-6.25681916436765,-7.05216197636853,1.25532239882173,-11.129436455961,"Iraq","Other/Unknown"
"1190502",16.1604008655294,3.29350827193672,-2.18374701879989,-4.67926292914238,3.61163293075256,-4.82648776088668,-0.348373957442228,-3.96835173662021,5.97596874461223,5.04609537184232,"Burma","Other/Unknown"
"1190503",66.4975972216652,17.847557548752,4.35836738264718,13.6764773313472,26.8533451378371,-27.3897703893045,-15.5432318067021,-5.19528601142236,-8.19607958125552,0.299203298116109,"Burma","Other/Unknown"
"1190504",19.6644227107963,-6.50857425137889,-0.608920226543852,-4.3403795694615,-5.52920570821986,-5.09840385035406,9.22628104779406,-3.66115329134588,6.52246620361322,-3.54100526387195,"China","East Asia"
"1190505",60.0741661113089,11.1219908301901,8.30888628016708,-4.77787436021989,-11.4043994506106,-8.86080385795766,-3.00116631606819,-7.96325696298782,3.68760898001027,-15.0480522265505,"Iran","South/Central Asia"
"1190506",57.8951596164638,10.852971346018,8.8243769365617,-4.19681773179033,-10.6725428075745,-8.17748157117328,-2.72898775104121,-7.03747732367021,2.60518402699629,-14.6315497827636,"Iran","South/Central Asia"
"1190507",-18.9362665097481,13.7361658723572,3.9316209574291,-9.61621067656451,2.16309724755571,8.0170530420908,2.51225161872901,-3.4510178045929,1.96979844154351,-2.67289575787373,"Australia","Oceania"
"1190508",26.5103145792058,-6.76495410850263,12.4311924537825,-8.47062708019697,-4.34332240914119,-5.81457951370303,-0.850020945238388,-4.71886285676208,6.52113007264857,-9.8631920643093,"Greece","Western/Southern Europe"
"1190509",-36.6673369160478,33.68039963367,14.1325116118086,-5.83901271396752,7.25859048198806,22.3348767221669,-7.73899428710441,5.50583804715792,-0.717016083039847,3.18053444079352,"Portugal","Western/Southern Europe"
"1190510",-27.7238781362426,42.0137425347677,-40.8160164380595,0.951958159992211,1.82001921281391,-8.54635163648726,5.49635017632688,-5.03248131614763,9.39097864729012,-15.9543807320007,"Portugal","Western/Southern Europe"
"1190511",9.80353596043661,-4.82025942585285,3.06989372555605,1.51448599601291,8.4132377509366,-13.9262381498302,-6.82995145752785,4.57296411496769,1.46047630200674,3.0406382138369,"India","South/Central Asia"
"1190512",18.046563104431,22.6877221959537,-13.5150598118853,8.94850539442527,15.8680517876007,-10.053110675817,0.809007901665811,-11.8129992926174,6.6436856773111,2.46257394355057,"India","South/Central Asia"
"1190513",70.853049330863,11.7381381837816,8.07001752967832,-3.39602371970965,-9.78656522204904,-8.11621337282424,-0.252964736138041,-9.61204332442865,2.67849810329507,-13.5863667734016,"Iran","South/Central Asia"
"1190514",6.95128425484511,27.1488251610891,-21.7412504079374,7.4220961121896,0.244136013559911,-6.18601569514659,0.608667114877774,-2.04233013195415,3.08451200595987,-11.5219361844649,"Iran","South/Central Asia"
"1190515",10.5022866155508,-17.4083175254654,-12.0557563016294,-16.4396053302679,-7.4097141332996,-1.05584671247906,6.33694342633882,7.99634674991703,9.93182205215911,-5.20801168663631,"Iran","South/Central Asia"
"1190516",21.5958947627852,-1.85897992282261,-6.37296211207645,15.1469248374766,-1.28688532571336,6.15084886211416,14.2887643915502,9.59971226725056,1.30246397778139,11.3557855030952,"India","South/Central Asia"
"1190517",-31.7534369561791,20.7393871941004,-0.924527063474634,-10.7238680649098,3.30184663632678,-5.42355808434682,1.26133738567684,5.17176918237027,-9.70756008497332,7.60728421156322,"India","South/Central Asia"
"1190518",22.5976230749377,18.7944300491689,21.5945756132964,-9.26392808582998,18.3399358445166,-4.33735966115147,-16.1898719869368,-10.0579737446043,-6.42291560624468,-2.13146835935426,"India","South/Central Asia"
"1190519",-13.6611985185208,7.14159408761372,6.7642017256039,8.33916577952087,1.1506235277342,-7.14575952450619,4.68121538598124,-4.54014991742616,2.052611035872,15.5621831787507,"India","South/Central Asia"
"1190520",7.38387554324893,7.54944353529686,8.89960522281069,8.32957379471383,11.4321057897391,-18.2071174035257,-2.79041205981332,-13.9968819326309,2.81887829549333,0.269692011834988,"India","South/Central Asia"
"1190521",24.0460501701733,0.712473392717735,1.39446532256444,-3.75579561080345,-7.70098496105055,13.3363199761426,4.54626779746607,2.40781619494218,-4.91258447078625,11.1270302318272,"India","South/Central Asia"
"1190522",36.1186234381405,17.7427186203826,12.7948486636804,10.4975023231496,27.21057758425,-9.81628496342211,1.81609915836668,2.89223145494035,-1.80224652228839,14.7281232885259,"India","South/Central Asia"
"1190523",-8.39652488443307,-8.01421141707865,-15.4013737076675,-8.1326529963002,5.57967259372977,6.832640657365,-12.3777351556241,12.2839835590568,4.84488825064589,3.01777012540124,"India","South/Central Asia"
"1190524",0.853627360341295,-3.36714057487242,-1.99071672062479,8.13758703434686,19.5141618047809,4.05570949514531,-8.8818175878643,-8.73817781990282,3.81667565868556,-6.70055988536735,"India","South/Central Asia"
"1190525",-24.4893447541463,17.6451233466929,14.5334373676236,-8.13547060183979,6.05956585350592,18.6616076699393,7.53976351760621,-9.93572273103223,7.85633931002497,-6.7921939129618,"India","South/Central Asia"
"1190526",-2.70841668308103,12.431952010867,16.865600086541,-13.3778860898105,3.03732509419096,1.01079168073139,-13.7138974566081,-1.06030836650301,-2.31931839436801,-21.3653620492584,"India","South/Central Asia"
"1190527",23.3118444194124,7.61353082773699,-5.91224352999385,-7.9714643288611,3.22731014337718,-9.87138915823931,-5.67441928831371,-1.99274909152121,2.68357577624312,-4.11826474091281,"India","South/Central Asia"
"1190528",29.8617534767126,14.075935798321,4.19193836572173,9.33107905983253,9.99877661076886,-1.78086263968908,-0.91830048268384,1.80658012213598,9.76624563568329,0.910960988011873,"China","East Asia"
"1190529",48.8652862758538,12.5963390348692,2.35611817379732,-3.31075331841032,-0.969171357937639,-2.2158737334986,-9.59973549601031,-9.93223782980952,2.72954586966168,-9.30843868364334,"Afghanistan","South/Central Asia"
"1190530",37.2687976193731,-11.5499850112752,-7.68818479044622,-19.0538403658508,-18.2213719663019,-3.47894146738398,0.142439633161073,7.27910590235611,-2.46625995342809,-0.671577477079997,"Afghanistan","South/Central Asia"
"1190531",-34.5144345253796,14.4513705554066,-0.28950041404932,-9.85299955354498,-2.0397805563011,-25.4319466031512,-11.4809453886236,20.8955641588148,-28.5528292535529,17.334739224387,"Spain","Western/Southern Europe"
"1190532",27.612697392992,18.2704797742627,-2.85279328577237,3.15948451559363,9.90796175713391,-0.0601581880314801,-2.70507968294089,0.572539339882756,0.619211352316767,1.88231416766406,"Tunisia","North Africa"
"1190533",-9.02290290801792,-18.9740250578997,-9.97692820563156,6.24833317673671,7.5626829617884,11.1722170110187,-6.84337989620423,3.2280227373694,3.99109168658342,-2.34176701051764,"Morocco","North Africa"
"1190534",2.03625049283681,17.462409000443,-12.2268479935966,-0.622702713503193,-4.01140448880759,-1.55793029513864,-11.5287072806211,4.6599814603652,-9.10466815885574,-5.00563115403679,"Morocco","North Africa"
"1190535",-23.8859834766691,12.7986517398439,8.06435557327502,10.2130107635489,-9.16664902484498,-14.0900126130936,15.0490878652767,9.06816672595509,-9.96458604857708,-16.7363691684783,NA,"Other/Unknown"
"1190536",-13.6918136300437,21.5255631288522,-26.597682307793,0.922755195324812,0.501559944070554,13.0223860401325,-5.69815628703122,2.13295290406583,7.89231817047857,-8.62775201090769,"Morocco","North Africa"
"1190537",-25.8288058441069,33.5653320093463,-25.8664236499467,1.12193811890423,4.35086884772312,4.2882644755747,-7.64257529448227,6.58611155972245,-6.63756913299761,4.23796147632629,"Tunisia","North Africa"
"1190538",-10.9140262408461,9.39456974155504,-25.1690149695531,2.12071553330801,-0.00786447201264065,-2.10324613732552,-5.9097700919463,3.33654621789345,7.77517727362596,-18.5876929733393,"Tunisia","North Africa"
"1190539",-38.0349169592382,27.6744684577344,26.0763134356618,-8.65912973427385,1.41504316731134,15.2821422153194,2.45917915143837,-1.82586608762542,-2.19105534113754,2.34543225495722,"Spain","Western/Southern Europe"
"1190540",8.32359824206623,6.98164307604274,5.56118247510723,-14.4746400469365,-21.4349876321095,12.7163527597571,10.1015236974026,-4.25079421130156,-8.7453463786262,5.65496916029176,"Spain","Western/Southern Europe"
"1190541",-26.3091417291521,26.1394111987418,13.7219016720901,-11.8056173402836,7.27443126547074,9.92835006899206,5.51426264483282,-6.40331283233438,-4.28494398271175,-8.240198044657,"Spain","Western/Southern Europe"
"1190542",-37.22586689699,18.7646423960722,15.4726642428544,-14.8600703145606,-8.14303160844221,-28.2843179809297,-7.51593368482732,30.3954804546523,-23.9628507570673,21.635996269468,"Spain","Western/Southern Europe"
"1190543",-13.9325094719461,-3.31410993384731,-9.16851366735505,-15.2480124989706,-2.77016977348804,-7.7981875533312,-3.08698029205655,18.926924910947,-10.4886938189981,24.8180210488771,"Spain","Western/Southern Europe"
"1190544",-14.8780488602896,5.29343560170536,-6.93944057401503,-8.12728661269742,-10.089849608896,-12.1146440147779,-7.19954342632534,29.7976620534831,-19.1354334002294,33.5479743138434,"Spain","Western/Southern Europe"
"1190545",-30.7119568484213,15.9942453275624,9.32689127364849,-4.37809115714884,-5.47951444647468,-6.97680955208376,4.32380018843612,7.40502064474285,-10.5838203728303,-5.36597250112846,"Spain","Western/Southern Europe"
"1190546",-21.4200974662365,25.8488061358463,-1.9960588211489,-3.68567798580991,-6.80512688672124,3.14152081100908,1.38956818999476,-5.32076882204767,3.47087741102048,-0.985281967724495,"Spain","Western/Southern Europe"
"1190547",-21.6621217785087,32.2528372475884,-14.2946336947801,1.08083284527997,-2.7730871362509,0.281323234743695,-5.68469055227154,14.2121314647015,-8.60181481285237,-11.7097614904082,"Spain","Western/Southern Europe"
"1190548",-34.1248062169187,22.2677611840289,12.1079280241453,-15.3565686064408,-9.79648867384528,-39.2659854372869,-17.0534077680173,49.461555444113,-34.9609407577899,30.7556448525817,"Spain","Western/Southern Europe"
"1190549",-33.4527562689351,21.4129436586489,17.3171982378023,-7.12712217834009,-1.72358226236135,-10.2471505890776,-3.01850201349361,3.87444328565177,-3.14155378394032,-7.88778830199203,"Spain","Western/Southern Europe"
"1190550",-33.4191016375688,22.1426603689889,12.1163762339733,-14.9766956553101,-9.04026562442471,-38.2556059870292,-16.8256339592576,49.1540286841528,-34.7606336519924,30.0439504712852,"Spain","Western/Southern Europe"
"1190551",-35.185757288353,17.3896901458586,23.8925658727238,-16.262608967072,-1.39510620733157,12.5455479984167,-0.823244077765214,-7.22114389026335,-3.5627990872911,-9.50182753464149,"Spain","Western/Southern Europe"
"1190552",-1.40951970732499,16.0614128593628,-2.30063216977176,19.4285534790166,-1.30890264313291,27.3929355103774,-38.7906258101349,17.3117868046404,0.241713238118708,-8.22174545782298,"Canary Islands","North Africa"
"1190553",-30.874130612077,25.862491584283,13.0060740903166,-3.10831461297535,2.06129910625199,-4.74143586442079,-8.14022560536025,-1.00182741587289,-3.81214880774357,-12.0039547875538,"Canary Islands","North Africa"
"1190554",-19.511508043496,15.8144031490492,-7.57349423598768,-9.26449055630517,-2.86588820173494,-7.04749245027205,1.24886935842726,22.8019507366453,-10.4049447477991,-9.09809868743633,"Canary Islands","North Africa"
"1190555",-10.3271246821737,15.5303821151083,17.9969046098595,-9.14108669469928,5.33786923487761,7.03702921760104,2.05205132171643,-1.76972118379698,-1.95594623960372,-12.9031726851696,"Spain","Western/Southern Europe"
"1190556",-9.34503960531566,8.27548196466592,-19.6052627269732,-0.537800807435649,0.0797245751742911,15.5355208739574,-19.4027913480339,5.73918167007357,3.08541939918523,-0.776771281956182,"Canary Islands","North Africa"
"1190557",-9.21283685746818,-3.40288089686495,3.53464015140531,-17.7230765795652,-7.46048363923332,0.175301578141231,0.9937844314266,18.3139907704091,-2.1973277973079,-3.81778477826423,"Canary Islands","North Africa"
"1190558",-11.6979775766756,-5.91798723545995,3.05680628860177,-16.7695877630874,-3.16685551453328,4.5443692864165,3.51878768456961,16.0324572686408,-0.452337350912005,-3.83859643622707,"Canary Islands","North Africa"
"1190559",-23.3216591138805,29.337872880465,-24.5663781758352,-1.5273068079024,4.21397764993016,-1.5056973890732,-2.36667433823609,-1.84723045210493,-1.03593687586704,-0.823633734137984,"Spain","Western/Southern Europe"
"1190560",-25.3138554448412,25.9909862665301,-22.3912257820796,-3.10323021558007,4.86463244330062,-0.979420737485677,-2.32695499674754,-0.889559000467812,-0.0551565422752323,2.60415792089133,"Greece","Western/Southern Europe"
"1190561",-30.7083811413644,24.2309803335751,-1.46211306302595,-11.7746000070435,2.95809359810862,10.9520634213803,-1.82518494449683,0.320355038086755,-4.19307657775348,-5.28809333912723,"Crete","Other/Unknown"
"1190562",-26.3737505005333,22.1262177475893,0.905885621124779,-4.88404349275407,9.35356047918854,17.4294194181968,5.34582716058711,-6.63983928138628,4.48465317741172,13.3612831378058,"Greece","Western/Southern Europe"
"1190563",-21.164100009247,20.2505031828176,-6.43051252395741,3.62920325741643,2.976603984834,3.67282474033486,1.44707791793791,1.30782594249344,10.746494677924,6.50624834827318,"Crete","Other/Unknown"
"1190564",-21.8634635358523,19.8122490567633,-4.88862607777303,0.121455782300854,2.55208309969459,7.81348911104199,7.8237250412983,2.80671433639887,8.33979513631231,5.09665637633374,"Greece","Western/Southern Europe"
"1190565",-23.1635834936393,25.3695507607495,-9.03879323918545,-5.01458897767172,7.99264953723787,15.5702097630961,3.39507018978471,4.61464904930376,5.60861157847211,13.9726806450028,"Greece","Western/Southern Europe"
"1190566",-31.064444813979,26.4100017934676,-2.87623371531639,-11.0542452303444,6.75067726712511,10.8128706467163,1.07985429551533,1.63171861631016,3.70272416536132,13.2937224436679,"Greece","Western/Southern Europe"
"1190567",-27.1202219346035,30.4315381503248,-8.98617565890903,-2.16854216641541,8.29777348113679,26.9052829390571,0.0132295327978598,3.83416763460596,-0.514161385693705,13.4259664799159,"Greece","Western/Southern Europe"
"1190568",66.6870003213652,14.1777066134749,11.4037474632431,9.11619472797045,10.3121693969815,1.28915220520205,3.96595013015129,8.84894494721829,11.8550087177911,3.44107004696497,"China","East Asia"
"1190569",-32.6578049119817,21.7208565969642,11.9558799177672,-4.98265171733197,2.11741215823798,19.9610994576537,-3.69267284714342,6.72793999237471,-3.11362843921203,6.44880095798366,"Greece","Western/Southern Europe"
"1190570",-22.2536724203758,10.2348670058597,15.2583348591861,-11.7364039073798,-0.0404452631516325,13.8746418406279,-3.31120321768172,-1.43752877126355,-2.13377421709465,-0.213737363489859,"Greece","Western/Southern Europe"
"1190571",-24.0251905494371,19.2572236185755,-4.36637566712757,-8.34684033428144,-7.43859289994781,-3.67611201468018,3.66963762688515,-2.00225580984024,-4.09128378755485,-13.1092066744848,"Turkey","Eurasia"
"1190572",-7.60818673798848,-6.00447758239982,-15.3731313412318,-19.5331744797424,-3.23132670703437,-6.09809430369495,1.51506203338773,9.7207409803008,1.84226833170437,6.81142244674701,"Syria","Other/Unknown"
"1190573",-16.4422822059727,23.9534370471244,-29.512602246013,-5.21767094429676,4.45211843863691,-4.47443513502194,3.57230805865156,3.60600458100563,6.58690276592509,-6.07600304593894,"Turkey","Eurasia"
"1190574",-14.255268414359,18.3888350315864,4.98691581299095,-13.3737418366375,-8.61516629143418,6.15513198399776,4.89386312608036,3.16135434340399,5.67286504430294,-10.5348499728699,"Turkey","Eurasia"
"1190575",11.3408764145874,17.8064654850072,14.4989341972547,-6.8130617533984,3.41291750298219,-1.02878797330061,-5.4093322361379,-3.41702319185079,-0.491134113063402,-10.7346602306332,"Iran","South/Central Asia"
"1190576",42.7785990839421,4.34479550985999,4.37312334790028,0.926372475850465,-11.0536309845691,9.10481930278148,-11.64297519692,-4.82870199906876,-11.1637300974764,0.965521889879807,"Iran","South/Central Asia"
"1190577",2.52033673265518,6.21182428051343,14.7432801715233,-9.77559161951254,15.171327593915,5.00891589792748,-3.30408626348588,-24.2859049957814,8.14884371579847,-8.0558190285995,"Iran","South/Central Asia"
"1190578",-6.7092874375401,24.2323804390471,20.1430784586386,-15.7817366251555,1.78040219702496,-8.28104143165341,-11.2019036558677,13.0683103523159,-13.5043349558056,19.0656954008181,"Iran","South/Central Asia"
"1190579",24.7892809904542,14.6998445005154,30.5460776853012,-6.99138795581547,-5.25456792638289,3.89515661996947,-7.48500211403781,-0.871165879254453,-9.90626905556288,-13.1315736931447,"Iran","South/Central Asia"
"1190580",47.652374841772,7.36214471819361,4.33486894601512,-2.66693031437642,-9.58101325326113,8.15038795782854,-12.0932887301929,-3.21881199250517,-11.4503717724794,-1.08831151749932,"Iran","South/Central Asia"
"1190581",-33.0261360573914,20.4047536338688,34.7981706735424,-11.2457102449753,12.8678155958188,15.6366268086242,2.33939150219104,-9.18434142863239,-2.68995396532361,4.99952721750803,"Iran","South/Central Asia"
"1190582",30.5329620117956,-7.16551163239855,-7.35829411359028,-3.69617996545418,2.72233816226776,2.98176868602989,4.42111575851691,8.96619038471517,20.2261579248246,2.53546922723021,"China","East Asia"
"1190583",64.6038446605602,18.0119485114451,10.547781233296,13.9971747360088,17.0409526582289,8.25050732425778,1.91734464841067,20.0431464529915,20.8224235191573,14.6109911333827,"China","East Asia"
"1190584",43.7265903966169,1.13349252689373,-2.74298110322643,-6.65969810734956,-12.2470440414165,0.172434995174328,-2.34429494719702,5.97445145225609,11.7876459451902,-5.01513083198362,"China","East Asia"
"1190585",-5.16839403951631,-6.60889707732108,13.7836238157872,-13.4818240972725,0.179734407559989,3.49989850222631,9.3381637949595,-0.153621394809802,10.2315787014592,5.4361193668905,"China","East Asia"
"1190586",-23.7626675377034,11.4156251766924,15.8244887413204,9.59819916265062,-4.17225207962952,5.18241668019455,9.41866727468498,-3.42327083086708,1.10400306667549,0.960260043094687,"China","East Asia"
"1190587",-18.1150498692628,23.8959051598367,-19.8182937378201,14.6229262262123,7.97034610042507,36.5414212025755,-31.437121548588,5.95256561880154,4.40530289515423,1.13055931279678,"China","East Asia"
"1190588",36.5440154102008,17.8970535994659,-3.41070535585336,-4.13240326384846,0.0645727554755082,7.59876781206004,5.31544384557558,14.4306753514327,10.3614508736879,7.50796928665588,"China","East Asia"
"1190589",36.2589019006177,17.9342498999879,-3.09448007232694,-4.24302891966198,0.371006559470392,7.76034627094212,5.26192284572258,14.1136029181785,9.58096761423588,7.19675758699824,"China","East Asia"
"1190590",-22.2045385435195,-2.91388070003465,3.81063108696724,22.328667635283,-10.5670211327119,-8.95339676106588,-11.6607250056545,2.07872702989607,-6.10101624087292,-12.9576479393036,"Portugal","Western/Southern Europe"
"1190591",4.07491794930663,-10.7449201357526,-11.7915550466104,18.1306465716382,4.28196353132947,34.066378091024,-37.995367489628,12.0982634326331,-14.8284460260356,0.339051273294985,"Portugal","Western/Southern Europe"
"1190592",-38.0975956974064,33.5808205546028,23.6179971615366,-11.0791628374935,5.46753603870127,21.2385718968787,-0.838202748761345,-2.59413174470812,-1.79346747362268,1.13265809017197,"Portugal","Western/Southern Europe"
"1190593",-8.91911789307746,26.4746546874626,7.48484536967082,-3.85692680447769,16.5644313631707,13.3310549465791,1.03394163842937,-0.102611816944969,6.06213247414333,8.5594013927582,"Portugal","Western/Southern Europe"
"1190594",-24.9498300343417,35.2723066483744,-33.0275336390505,12.0488225083439,3.33378470634343,-3.48865291473664,1.50091431194646,3.2015260168046,5.36654944421381,-9.48570631902433,"Portugal","Western/Southern Europe"
"1190595",-23.9509439419419,23.4882439619201,-11.7532184599531,0.489459637568057,8.1631244264413,20.8916075600343,-18.6171487275117,7.7905745042224,2.44361542209251,9.62634287840354,"Portugal","Western/Southern Europe"
"1190596",-9.90976557077001,22.5916563859042,-8.04576064757329,19.5182177866673,7.14030249114084,36.6049831812339,-52.2030143649256,19.5196598393491,-8.01852353724299,3.27005777369601,"Portugal","Western/Southern Europe"
"1190597",-40.7689107933331,19.2106880382889,30.6877505956744,-18.3251829784956,7.10269051977027,12.0924159502744,10.6723378573115,-8.12964880619809,2.95674099025311,0.914606008224405,"Portugal","Western/Southern Europe"
"1190598",-38.6208874031585,34.0624923329658,14.7980241009014,-3.96919038075614,3.12364010077668,9.34163405834412,0.776998458529487,0.447608943251401,-3.73642972544099,-5.53958661283114,"Portugal","Western/Southern Europe"
"1190599",-39.656652401188,35.3060780891286,15.1449167012759,-8.93661174252274,5.79968393629841,3.15071471009994,2.55651779178942,3.34885816588061,-6.68533505024797,1.94545396472611,"Portugal","Western/Southern Europe"
"1190600",-19.688284683233,13.0025907746514,-1.96712015141232,-12.2326228683614,-7.21530786615523,-2.6080318101456,7.48357003415626,9.84341268306149,-3.45647869453387,20.2065714817984,"Spain","Western/Southern Europe"
"1190601",-21.020391397283,19.9878534014617,0.303037076740188,-0.314123755309763,7.4409973660635,4.29967785123769,6.90785761572045,-6.13226023779694,10.305269483288,-2.25948152376794,"Spain","Western/Southern Europe"
"1190602",-29.1821984743742,13.6088441600346,32.2731181900562,-13.7862887945402,-0.329835963633609,11.8774020381816,3.16709433316834,-7.10351123226365,-3.5151114795752,-9.8809946313295,"Spain","Western/Southern Europe"
"1190603",-31.6143702528672,-6.6549175866164,20.672798993364,21.7490137084683,-29.8813263902308,-4.01797839630984,-22.3742766333219,-21.7465790451974,23.0211764727648,10.6837130528809,"Spain","Western/Southern Europe"
"1190604",-15.4352465815665,-16.4527888281288,0.860698919097372,-15.4987223335448,0.0435629269668282,-3.55031077383636,7.56244221896663,13.8982436424783,2.54718955582085,-4.11588840578456,"Spain","Western/Southern Europe"
"1190605",20.7215068614191,-9.37385884698864,1.70344672653415,-1.4442128304707,6.92270732747163,-0.147431822170034,-4.89961368503584,-2.01016671535457,7.23602369236117,-10.8617080755182,"Greece","Western/Southern Europe"
"1190606",-12.2265892017872,-30.2444948568311,1.20264192934504,-16.1496130757331,-2.21617355531761,-0.487365169448578,5.22350341058375,15.3656587711842,5.05293312720118,-5.09212200336069,"Greece","Western/Southern Europe"
"1190607",-29.3206985002668,4.28117627400203,26.503386744151,-19.0614527054186,5.40663172443238,7.84086780064886,6.18375862233513,6.46327631524643,2.27639124311274,-0.0438447883041193,"Yugoslavia","Eastern Europe"
"1190608",-14.2128330291118,-41.6929022092001,-7.3894567444538,-1.05648135332453,3.5347897449501,0.199285409273845,-1.98463066368454,2.90262359053022,13.8794306421412,1.84025269430213,"Yugoslavia","Eastern Europe"
"1190609",-17.7222147958611,5.96022863979905,-19.7682565487051,-4.31092100257989,-5.53616340994864,10.2938389046715,5.33843444980434,-11.069246442735,6.9175974574063,-0.723284574981397,"Yugoslavia","Eastern Europe"
"1190610",-5.68859831404701,-47.403896463398,-10.2926442160675,-9.27247726205495,9.71905063231604,-0.880000224684814,-10.8298352640962,8.45082055902048,9.91211073955166,-0.861322680624563,"Yugoslavia","Eastern Europe"
"1190611",-14.0788855508972,-47.0820093590951,6.59001500619419,-14.7785077326347,8.35591165151024,-2.10339578699105,-6.5544858222784,9.65086867927544,3.2731777045158,-15.1627708541079,"Yugoslavia","Eastern Europe"
"1190612",-34.5702772543812,18.9168586324827,49.475139944404,-17.6501161778454,17.9312734242275,12.523026789693,5.40976334399857,-15.1417550161382,2.01081280488046,2.25357668936413,"Yugoslavia","Eastern Europe"
"1190613",-13.2085789488439,-25.0351410112223,-0.137942368541414,-10.3096513985563,-2.16406710511141,-5.48189809358468,8.8442835716836,18.7699935011238,7.99653025386332,-1.67352472987584,"Yugoslavia","Eastern Europe"
"1190614",-12.9935081796496,-33.3785868725013,10.5742711384277,-12.664782899696,-0.935774170485332,-6.04326181971362,-4.33369837519264,19.8021447985322,1.21348030638407,-6.16755116603138,"Yugoslavia","Eastern Europe"
"1190615",-23.6768425217291,-16.3578581130473,10.9154519430716,-9.65476581865684,3.81248411219196,-3.61140747566682,-2.27491047753177,2.50862681913608,7.75812305729331,-3.48122957726433,"Yugoslavia","Eastern Europe"
"1190616",-25.7718618897898,-8.42421677613234,9.60423469113774,-9.22704802908262,6.03582152730484,4.07371999336406,-2.25911036904244,-0.534953391614317,9.75999983925832,-3.79472121633132,"Yugoslavia","Eastern Europe"
"1190617",-32.0385359346217,22.0444221277374,37.8615100293724,-21.2732920848833,11.7267177475824,9.1192267504791,5.56013532092197,-11.3044393527399,-4.22927076943163,4.75196471900571,"Yugoslavia","Eastern Europe"
"1190618",-14.4862349831673,-29.559013330395,12.1269606221681,-19.189795820537,3.70708642515466,-1.90990849119412,-6.54565512666233,7.35425933786012,1.26982061582227,-4.0641701856129,"Yugoslavia","Eastern Europe"
"1190619",-12.8080220544857,-46.116667795174,-6.3898667715432,-0.922171952593121,11.58027389751,1.28580821303946,1.38457976376063,4.72017361613341,13.1464596418923,-4.23686466840927,"Yugoslavia","Eastern Europe"
"1190620",-19.9943711514137,-27.9392974813058,18.3452248979798,-17.4421056646824,6.05024537470141,-0.91242302787164,-5.3792756508644,8.96330296553536,-5.37976836719842,-1.82823503219304,"Yugoslavia","Eastern Europe"
"1190621",-24.6621152440332,-11.487086046232,13.0767977864682,-22.3319836483441,-5.61132351931115,-13.3504664584737,-3.1033687703001,23.0967659814544,-13.8493285414304,19.8084086126109,"Bulgaria","Eastern Europe"
"1190622",3.711338823511,-39.501607142191,-13.7636229134932,-20.8614626462802,-0.50813706030429,-2.57909152060418,-1.14153406029686,4.99486267980532,4.65159833820226,-0.132565245940468,"Bulgaria","Eastern Europe"
"1190623",-4.89965529664581,-40.2171829187808,0.916814210159349,-21.7076577845138,-3.0083317608682,-5.94252392331013,-6.1776489938471,11.4092225835553,4.08053571259665,-6.30485586055288,"Bulgaria","Eastern Europe"
"1190624",-6.58521822694018,-31.0558744877926,5.03153118764003,-23.7068250317711,-6.77952732984597,-3.10333606004221,3.33450528706205,11.6237749997746,-1.24480198115775,-3.10094458006286,"Bulgaria","Eastern Europe"
"1190625",66.1102331645353,10.1140462793405,10.0226069209075,-4.27267371076666,-9.61558558849255,-6.59224855795308,-3.76424571054933,-8.52202708012932,1.32753085086406,-14.6472613294051,"Iran","South/Central Asia"
"1190626",65.4088783643902,10.1119315709957,9.97449075746634,-4.41009830621572,-9.63294921668372,-6.3038971806594,-3.98167801964545,-8.11366444392762,0.916979898722374,-14.5689047556198,"Iran","South/Central Asia"
"1190627",32.7469551840943,-0.0278939043354898,-10.0397354145849,-15.475256681374,-13.3834880560904,3.81420307892584,9.57551041399551,7.0401520846481,4.69754290520868,-3.66251467933201,"Iran","South/Central Asia"
"1190628",12.2665504511483,-5.4719970503076,6.90930288245568,-15.8506829947367,-7.80618140045602,7.69630278617339,13.2768952883466,11.4361072083792,2.25370664229617,-11.7825869144718,"Iran","South/Central Asia"
"1190629",32.0928830889809,-0.654480910770113,-11.9295960261402,-16.638523464173,-12.7233776245081,5.37822136346687,10.4057203517267,6.51076482286713,5.67143044454481,-4.19039167634542,"Iran","South/Central Asia"
"1190630",12.2713175423874,9.02862820752725,14.7051725472649,-5.39107970998144,2.96090138003886,0.48221137894722,7.63365293680242,-11.7383544271991,0.341361453683601,-5.12120197145094,"Iran","South/Central Asia"
"1190631",39.4789429581677,-1.35046170624507,-6.95029474835171,-16.4998186022573,-19.919298365416,-1.69059109973261,5.1234326494261,3.53075684509187,-2.19124822188613,-2.94451475869122,"Iran","South/Central Asia"
"1190632",73.778091266286,11.8023891205826,11.6023115271921,-2.48207983314989,-7.58512445051808,-9.48036681290353,-5.01065829544063,-11.4253601615107,-1.15084809975914,-16.8153574790185,"Iran","South/Central Asia"
"1190633",54.3561280689464,8.16460695309047,5.10557584412882,-4.14654018239482,-3.0667695558037,4.12637747612036,-3.54973114794766,-9.87439493057899,-6.58589219105786,-8.85152890621797,"India","South/Central Asia"
"1190634",-17.2445761896648,-63.7960389395495,6.49588304864332,-11.648828301257,13.0618209837496,-2.28373278627022,-14.8145558173468,9.69617472703557,9.45868274991863,-20.345180856464,"Hungary","Other/Unknown"
"1190635",-34.1562823107748,-7.28354778390863,27.3350049685424,-18.2682412861038,11.1128957338542,7.71396484648007,6.90832491619902,1.54431080946233,4.80703630715769,-3.26185237623008,"Hungary","Other/Unknown"
"1190636",-17.4880988321078,-63.1321819275711,6.2517823366354,-12.0209588728658,13.4295278166194,-2.44103579461952,-15.2753739020023,9.7625257502383,9.5230766564765,-20.377650965771,"Tunisia","North Africa"
"1190637",-17.2914110692089,-63.7707912578735,6.38433242818861,-11.827211310603,13.1367193391243,-2.37017651729414,-14.9742239004905,9.93531547749193,9.65930585529838,-20.5953975117229,"Turkey","Eurasia"
"1190638",-34.5021930849002,20.7034718068063,-0.55689627955575,-8.26652963113926,7.80849161244924,13.1485909364936,1.23364960616704,-3.89119916101435,7.53440026288806,14.0816287130003,"Crete","Other/Unknown"
"1190639",-20.891619443248,-1.7949220702821,12.522339285386,0.249632340046788,-6.78356574782512,6.2495766266433,17.3465264999956,9.18927333972875,5.42671268579005,-2.73328766855156,"Crete","Other/Unknown"
"1190640",-21.4778824341111,11.552883344713,7.55084765518015,-10.8541292284259,1.73228343236523,4.22280095590098,7.18206929265033,7.53967310012884,5.53991846160601,-5.94575129741645,"Iran","South/Central Asia"
"1190641",-2.99347797471429,5.50033498972424,22.8003559616538,-9.89587176120315,5.32581478926213,1.11070215044518,-0.827154797705087,-3.71085577433424,-5.1350631455477,-4.31459259741185,"India","South/Central Asia"
"1190642",-2.48337566035335,12.0577197397221,9.02169482528612,-6.18765079835598,15.7447982789164,-4.16834739273355,-4.96197001264315,-1.54527257924397,3.37795560799067,-9.64666880702658,"India","South/Central Asia"
"1190643",31.985050327025,-7.13184050925702,10.5895443196412,1.89639834532316,11.3751080664846,-5.98006964055473,11.2295844335227,0.905674016264435,4.56036882413991,10.2865035617377,"India","South/Central Asia"
"1190644",-8.08377381469235,12.9105938049048,-4.23057232142066,-1.34955071291668,-0.165620640497786,-32.2340371800825,-5.63520808413037,33.2596694890201,-12.8560140301392,22.2455512078406,"India","South/Central Asia"
"1190645",23.1463733828379,-5.24688367635008,2.78827219854018,13.3620971949965,12.8294447643507,-4.64623543482454,19.5096202115335,4.95211506057081,11.2652765472642,14.8785107806339,"India","South/Central Asia"
"1190646",25.6118015201748,-3.36643306828545,-0.662629631504237,13.4202764768038,13.3515082470765,-2.79245855823162,23.2280801738409,7.30221349375731,12.6271650436098,14.6672929930417,"India","South/Central Asia"
"1190647",7.34668781514356,-4.10595447930757,4.64406201440422,29.0720657705551,6.42029667577458,10.4657959279323,29.9203010529997,9.93522404005388,10.1767705152269,22.1069521276104,"China","East Asia"
"1190648",10.0292913053721,6.59231544936058,-0.956811011231575,16.4335690086303,3.49261143060462,12.0918509836526,15.1390255981416,14.0680079268953,8.78465304335357,19.4809610539079,"China","East Asia"
"1190649",7.49951252767483,17.2427150121167,-8.51521896279724,21.1989560814245,-2.41485418741619,23.079544383732,7.26584231307013,6.84530653380096,6.79872893631759,10.5836933831317,"China","East Asia"
"1190650",10.858172126249,1.28114124416385,-9.29114665963545,-0.0881883465133561,-5.02990767952232,4.06059737063929,-0.528447665673312,6.99524611474819,10.773343528327,-1.93122966068439,"China","East Asia"
"1190651",-16.2857260996702,-39.953355137507,5.5066757287894,-0.856036625039542,8.7071754358266,-1.4699186564298,7.24849863920519,15.2707188973387,10.4905787692555,-6.33557987093786,"China","East Asia"
"1190652",-20.5470767375677,4.53270700319526,1.45592934345943,13.2533085960901,4.26733461693139,9.02495309433023,17.5577705543267,6.98724192919385,7.81812889042048,13.8736814527476,"China","East Asia"
"1190653",-2.9909966064226,23.4437215595213,2.86317807073689,13.6168713459632,4.8019425207364,15.5902565861895,12.6866469511385,9.23976137509388,7.5529434376977,14.5956287922972,"China","East Asia"
"1190654",1.14600154764835,-12.9728059138455,-2.85544627576089,5.81453201935614,-0.67835271324794,7.30387570327301,-0.692785897561979,4.30708523165377,13.3718149081899,-3.9285306043855,"China","East Asia"
"1190655",9.8817993985676,-2.99761091187803,-0.0231023960340068,28.4280316122636,8.73025480738933,13.0691113822292,26.9986261643192,12.8470558499915,13.8220633595342,21.1932577717793,"China","East Asia"
"1190656",13.399133433161,4.47643698464828,-0.905980273325848,21.6052742531513,-0.186732942922089,15.5458188235799,18.8374780952176,16.8872187195599,8.28039231157799,21.6426811598305,"China","East Asia"
"1190657",26.9183873406168,1.08237531940058,9.20967080060277,24.1344547407364,18.419639802539,8.16030263888865,19.8976215462845,14.4182526994034,19.1258611843004,19.2859371679021,"China","East Asia"
"1190658",26.5629334405326,1.09139569800988,9.13427893883143,23.7105346730773,17.9463440587157,8.02306910462396,19.6612045631838,14.5660307842476,18.5175060193758,18.7204005070078,"China","East Asia"
"1190659",26.0424824050384,7.83932594899341,-0.251288190490143,22.184372596652,7.48903837560267,21.4817714688706,23.5470415746778,21.668187003758,16.7487039116405,27.2147556335744,"China","East Asia"
"1190660",26.0573999479342,7.92722853813813,-0.299421472931012,22.0655244863689,7.49836975226914,21.3854835003593,23.4485004694096,21.9749508792183,16.870431034402,27.1507606090335,"China","East Asia"
"1190661",31.9729779809876,-0.242060185966018,2.89615455158545,0.537844382533885,-1.76684784289776,-16.2120201251885,11.7036352577489,-8.29919261909414,4.55556258967638,-4.82446727122642,"USSR","Eurasia"
"1190662",0.639208393832708,-42.0186176308394,-16.4169412173035,-12.865601212938,6.35057266832573,0.11232455975994,1.77822672016047,1.74378289850776,12.6286832977603,1.07382226687244,"Romania","Other/Unknown"
"1190663",-11.4955621372296,-23.5139929137148,-1.83147471606645,-2.22628572725656,-9.55493368665516,-2.02756650483882,18.8233935917984,3.44078178706275,12.1704455667195,8.47528147630542,"Romania","Other/Unknown"
"1190664",-11.1725151265219,-22.7755995031129,-1.86896524698259,-2.28801055344748,-9.05537159539171,-1.58744259746072,18.8411823677672,3.80611563273906,11.5316753988506,7.99838679645705,NA,"Other/Unknown"
"1190665",14.0165711057311,-11.9563264302654,-4.092584679992,1.85592242706113,-4.95622488825225,-1.38782106708122,18.0128757874372,-1.85657492373144,12.6770874614642,1.89023876653936,NA,"Other/Unknown"
"1190666",12.7356634867235,-10.8935875572271,-2.76564465129931,0.00643111072533922,-4.83324407644107,-0.830198391514947,18.3919792394936,-2.01932307786129,12.5762729495348,0.719608019284155,NA,"Other/Unknown"
"1190667",27.223939719638,17.2863707737304,-11.3845165269064,-2.29233103873241,-7.82216086646709,-10.6716348493762,-4.42935631797159,-3.74775499535091,1.88831178370474,-12.530277177725,"Afghanistan","South/Central Asia"
"1190668",59.2714771555958,8.81442141568674,7.11760783522928,-2.13060819028448,-4.55855173798881,-19.3789626887163,-2.85446072080194,-10.3292450159899,-4.21194193168509,-11.4774675042124,"Yugoslavia","Eastern Europe"
"1190669",-15.3588780496598,-44.6312893183527,7.86163098122159,-4.43555617739396,5.03731393215368,1.96929814615278,2.06230508339669,6.78122387333802,4.62313862932995,-9.08188137405768,NA,"Other/Unknown"
"1190670",9.06427396451552,-12.1085902032235,25.7671243765257,-4.02018741035474,5.76806877292989,-0.667821878584657,-0.569831256301577,-2.67584074361687,-0.830997803754721,-13.6745723055202,"Poland","Eastern Europe"
"1190671",46.8232280898189,-5.07206479558038,-7.33798592150653,-20.9556836642823,-33.693891834159,9.52481835560984,6.83420929298641,-0.876174866292882,-12.8276691322989,-0.290407526700583,"USSR","Eurasia"
"1190672",-16.7428703546678,-54.0272946705348,8.39691930016452,-11.2539813064577,11.3634385290226,0.544144110041306,-1.26981794441439,8.60063055240068,10.8326239322857,-16.5526064489021,"Poland","Eastern Europe"
"1190673",16.3443940321251,20.9270580843706,5.61772129744761,-0.0398353946532295,9.69010843255233,5.21834142161706,3.33130175218876,-8.93566439239189,12.9889990781222,-8.81209516511409,"USSR","Eurasia"
"1190674",-13.7837242589207,23.8885411763665,-5.54515938190936,-7.11275716822361,6.98575004519299,13.4723667551156,1.54560960042995,-0.424358021748299,9.72969155678704,4.39691128265617,"Iraq","Other/Unknown"
"1190675",26.3314683245788,15.0745687631825,0.283004496563767,4.7691339952333,3.30292959841839,10.1488328320233,-0.766810057387734,0.257625459251751,2.80562799743256,7.21535427543446,"Tunisia","North Africa"
"1190676",-13.0664322149846,-9.39886715324038,-19.6007100439333,-1.69316584143242,9.31301402051996,6.57631540552491,-17.1202015909243,8.06430778744749,7.8551957980362,-1.39460693774638,"Tunisia","North Africa"
"1190677",10.9542754364815,7.3206772152222,-12.5022660885743,-7.07519680393953,-19.141120830038,12.7221695042484,-4.97232832647098,-0.773451722910324,1.7071127501877,2.24360010557939,"Spain","Western/Southern Europe"
"1190678",65.2765849135987,10.39092361225,11.228188466366,-1.99884622498317,-7.85550585221127,-6.4373863084807,-2.5100388390924,-4.92758039879013,5.33656628725295,-17.4284932412139,"Iran","South/Central Asia"
"1190679",-6.78183095761648,-6.34336640559619,12.7581342042555,-7.04906221244879,-7.95124462211689,-1.20974205526262,-1.66185167530368,7.07178193758814,-0.675532951964691,5.26270111361223,"Iran","South/Central Asia"
"1190680",-15.6675962207109,-20.8366947521929,7.98095077001518,-13.9228692683402,-8.49897681105832,-7.53208141929882,1.7452703985991,13.9182295824219,-2.32031847236708,3.71753060688752,"Italy","Western/Southern Europe"
"1190681",12.157472010635,12.0925914395685,6.81254446307716,-8.66321326562413,-1.64176001791082,5.05972060163101,-2.68668386460743,-6.22346927929856,-7.17413385898133,7.76273902387241,"Iran","South/Central Asia"
"1190682",-30.7014026412383,29.334800221566,-6.90380526966891,-6.55989493127867,4.5767189289941,15.0017991148154,0.665551314804198,-4.3671753952234,1.69656220197389,15.0187418024496,"Crete","Other/Unknown"
"1190683",-16.2196896382642,-14.2725496466894,4.36443142196772,-21.765166350512,-3.14300303836271,-6.03918828898183,-8.56425994828773,15.0262754691713,-9.21776307239142,9.78344438869215,"Spain","Western/Southern Europe"
"1190684",4.50077964343897,-3.35575667893226,23.6434402437876,22.1663432845989,-12.9873717074207,11.5386050145716,9.48266482226434,5.9171565436551,-23.462959409746,-6.8609585887637,"Iran","South/Central Asia"
"1190685",-30.7745540945923,31.4048602104764,-17.0042892493389,-2.07795646691219,5.47483831356567,0.248798538626494,5.98681025299119,-8.35651781660098,-0.261872137151715,5.56305753619054,"Spain","Western/Southern Europe"
"1190686",-14.8079648816823,19.2236477245392,-23.6627071762026,4.37014587433195,2.92598901110687,-18.2203799488548,11.6394092736367,-5.30655657534725,-4.69297760585861,-1.65532351302539,"Morocco","North Africa"
"1190687",7.5832936809187,-2.52477712217905,-16.2112973258374,4.40999428840308,12.9726277685788,-16.4085371945967,0.262950928566765,-12.2503119388545,-8.19769437418652,9.51529057402092,"Tunisia","North Africa"
"1190688",-23.3324082779232,28.717288729427,-27.0840394889664,3.72484029417224,-1.07989191205922,17.1864758436191,-9.09827312690593,-2.31662353331944,1.64504657079895,-0.276053127739286,"Spain","Western/Southern Europe"
"1190689",-24.2070205198486,29.805226689637,-28.0291603254707,3.62177260831469,-0.875010614929187,17.2669454878593,-9.6985980506032,-2.44201618488194,2.6521914402399,0.163335426901668,"Spain","Western/Southern Europe"
"1190690",-18.2702735619066,28.7464599180895,-27.5592954007538,2.85666256432959,-2.21325068856647,18.9425912286898,-10.6935580409706,-1.5248188825517,6.91061227901662,2.56504896609852,"Greece","Western/Southern Europe"
"1190691",-19.0303946001132,30.9914771581143,-27.4781218577442,1.52036380016831,-0.734356318170239,18.9591226213741,-10.5876345792462,-0.546333195205466,5.36302480673616,4.86857734451597,"Greece","Western/Southern Europe"
"1190692",17.9692280252503,24.6236245375456,-8.0687439859169,8.50734754492615,10.8270944411743,7.30882097837623,-20.5256759055533,-5.69799064637033,-1.93578605693413,-0.5554850876636,"India","South/Central Asia"
"1190693",-1.61212177332568,20.1556345982884,-19.0356893112663,3.79925333379668,-1.189052046107,13.7573717208848,-6.81617643040184,1.0624308298347,2.59122665547001,5.80355964672645,"Iraq","Other/Unknown"
"1190694",53.1870070117173,12.3184149453948,8.7675822467179,14.6691084539567,14.9448308114973,-19.7384552082778,-6.10771447812202,-3.08927036344942,-5.53528366295273,-0.360106606491742,"India","South/Central Asia"
"1190695",58.5259403885772,12.5507213918345,6.52148733552176,11.2839438334047,17.0595754315873,9.65527610144054,-1.13708580467929,15.1952841234436,12.1610830506637,10.5393336099991,"China","East Asia"
"1190696",63.2226744446507,9.26145350639657,6.99503849899263,14.890062050875,14.8148170343313,-2.60183052675706,-4.68026727047609,2.62965528730905,7.94614032586274,8.52915655890168,"India","South/Central Asia"
"1190697",23.6572100066798,9.82543840497885,23.7087616536852,7.47735797771005,13.4259025838726,2.53890178523744,-9.48106369262374,5.03166149594937,15.8878445208085,-8.41717242692148,"India","South/Central Asia"
"1190698",56.228256259495,15.9343256222752,9.42442824072411,13.0836630269582,14.7391056779023,8.04102273396202,1.59819852701108,14.2980481046006,14.7196345445824,12.7266654322576,"China","East Asia"
"1190699",58.9520641819714,16.8879120446305,9.48234798059614,13.320237778855,14.8780022101533,8.07683420150708,1.78783646706346,14.5447611908603,16.4070060256063,13.4733003477433,"China","East Asia"
"1190700",53.4980808018439,14.6281086193677,6.85563616414582,10.1239183006354,9.47392711689398,3.91391576301801,-1.68685019781312,17.9201813664523,16.0169106162037,8.90556694811445,"China","East Asia"
"1190701",70.2536453157381,15.7696886318203,12.1381058157719,18.3003310951056,14.5410412654389,5.66652443158348,7.04907847384821,19.5083608762725,19.2149053711051,23.4475627274522,"Iran","South/Central Asia"
"1190702",56.9191917482701,14.7885780928647,6.9143876283967,16.1246636775816,10.8804822966537,2.82099016528865,1.10281005720283,3.21130593910677,13.4811409218428,6.84878170481599,"Iran","South/Central Asia"
"1190703",66.1290588835311,13.677797111408,7.8114442101299,10.6864223578194,6.10812083952944,-4.89124383827684,-4.32325236498962,-5.08956919965909,6.87945567152708,-6.64833530795364,"China","East Asia"
"1190704",64.277950981428,14.1789859807802,9.03789489938261,10.6778370792915,5.37554313323296,-5.14195143476484,-4.49902798100107,-4.99354819135427,6.50245501366325,-7.10781963553797,"Iran","South/Central Asia"
"1190705",60.0275527306941,17.4640550138667,14.5321903710104,12.2287119274964,11.1696550702602,3.01578106499304,4.61214037963099,8.68508612196069,10.2792434474749,11.4386413495877,"Iran","South/Central Asia"
"1190706",58.5918264153841,8.68146430498367,8.73435119726126,13.6877826612665,11.632446342564,-2.96698279765152,-3.39277027374985,1.02459011154717,4.56850619721983,6.64640480181124,"India","South/Central Asia"
"1190707",62.7555176962086,14.5123802044387,10.4731993488416,0.733398375200601,-2.03212108357097,-5.15201839154269,-1.23315735648509,-4.30395347829882,2.43987945142859,-12.9152682463478,"India","South/Central Asia"
"1190708",62.6685336348015,13.6435467728079,8.7926787415575,14.1800234886422,18.8593110344744,-8.69014048409353,-4.0427387791265,-1.82332906767739,5.85462029150361,6.53986967513051,"India","South/Central Asia"
"1190710",27.9675099858815,-0.22115719963051,9.82110304455388,17.2393357241489,9.11273270997469,1.88406884074183,1.86530646026872,8.14848157916218,1.59308369467816,7.69308949092542,"India","South/Central Asia"
"1190711",65.8618350416286,15.2578949659774,7.88364501448096,7.7728513640046,10.6681115057473,-9.16934263186158,-6.75887898799655,-0.695604930336484,2.92120364863288,-6.43824334695358,"India","South/Central Asia"
"1190712",16.2218368827585,19.2175927755012,20.6026415768051,-1.82353756933518,14.3243382581414,-14.1826859093602,-13.6306695514126,-6.8450346680424,-13.9672970899249,-14.9037017219116,"India","South/Central Asia"
"1190713",54.2735503599763,3.62744129101663,0.0655054377854602,6.75720882571896,34.4659734018638,-28.2263443908469,-16.5871091985498,-13.7735728094555,-18.3736805780966,8.13797661437601,"India","South/Central Asia"
"1190714",52.5703378547801,13.0220405367767,0.302729954353621,9.48684106181352,29.3508510915876,-15.1339433963442,-2.64129457091144,-4.64776842507683,-2.08085040356516,5.46519249926306,"India","South/Central Asia"
"1190715",18.113992581625,6.32362247132386,5.28226095083279,39.7874846794441,12.4606871006796,-6.88003001166095,12.2556096636105,-0.436416062534746,-5.61987742499368,2.06696213545395,"India","South/Central Asia"
"1190716",8.43738746627895,-5.50414516988256,16.2155839396872,43.2308904889641,10.0553431278157,-13.552232183944,15.509875910664,-4.60216416563414,-9.20861295242608,-8.35739713360749,"India","South/Central Asia"
"1190717",8.29661133065462,-5.59018554419972,16.3624296343678,43.1410539360308,9.83025962871544,-13.6530503950729,15.7083265407836,-4.81174583830759,-9.26409431592033,-8.13890166591488,"China","East Asia"
"1190718",48.3596342018129,-0.716398045309148,-5.40857778805416,-4.96253705660999,-24.9084912978146,8.23625953405778,1.81528656626529,-4.84130713893593,-9.45240467900071,-1.02141079652573,"China","East Asia"
"1190719",41.9866297656153,8.45927767339289,10.293445452028,9.19368374305839,9.08882111312493,-5.29175279414399,5.69813934852956,-1.73179451969495,14.0890490454868,-0.373095415184862,"China","East Asia"
"1190720",23.2137579824906,-0.577023026750711,9.16419882808477,21.1127741360114,13.8180622027634,7.06692462901159,18.7376948515156,14.1471818881065,9.35613336011093,9.35776260446824,"China","East Asia"
"1190721",52.7491956651996,9.46784243365375,4.43794041748874,4.79173370293056,12.7972082244164,-1.35087036976908,2.59979702960481,-6.0588054045334,1.82070279663451,2.94240925269108,"China","East Asia"
"1190722",-6.72109264991816,-31.549841276102,-13.9366801098788,19.2318347490649,9.17434188473042,5.07841124196341,13.4239265053255,-20.063686123304,-24.2627263574462,11.6088411811099,"China","East Asia"
"1190723",17.151393716851,-38.8521212356959,-15.8068541959385,6.38852027610447,33.443386182734,1.41256507186949,-3.3123372608511,-36.162832971988,-33.6201720627495,19.4235612729228,"Afghanistan","South/Central Asia"
"1190724",-17.3567321627047,-29.885040998637,12.054338935291,29.622813870006,3.00957480397207,2.71622246132862,12.4003718378107,12.2810072692321,-9.50161587936505,-23.3911656004055,"India","South/Central Asia"
"1190725",17.5627311818957,-9.23589679713142,-9.4981251106265,-3.23225235815025,8.36449284420317,-9.33860741903958,3.86101249058181,1.33398675299063,2.43613814510627,1.70083815178833,"China","East Asia"
"1190726",34.5565500182362,8.43013611502449,-8.22754248385469,8.48078338912892,10.8099077645354,-11.3616505408089,6.06201366280458,5.19991925983932,-0.730938742150939,6.76877786540609,"China","East Asia"
"1190727",32.4124888595553,-6.50438501510425,-6.48371173835507,5.87309207383943,2.46875661835706,3.04834057661714,8.74085016105059,13.7172532762983,12.6245879290896,12.757814593996,"China","East Asia"
"1190728",43.3387768423502,18.1038887213031,0.234570834448703,4.91560961917978,4.82868000915506,4.78052936248831,-3.88781116710045,6.88351641390689,7.26462617866949,1.75821497297995,"Iraq","Other/Unknown"
"1190729",27.2418214544682,22.4167320359387,-14.0196637901343,-2.65431332832127,-8.20705270420336,10.4613598252844,-11.1833463621578,1.40878887530283,-3.3812981341252,-2.95979955607633,"Iran","South/Central Asia"
"1190730",26.3000344936815,-11.9622060994924,-3.34955066866645,1.10115671324274,8.06934013752348,-4.32932535542959,-3.27679033070657,-4.98067671952582,1.82226507155592,3.11704023043742,"India","South/Central Asia"
"1190731",62.5889691584555,11.5771228147233,7.68632630250367,14.8593458688114,16.0554304113418,-1.71066396812673,-2.95530747827095,1.11599538319633,6.57795409858696,8.75293706605935,"India","South/Central Asia"
"1190732",12.5694561367081,2.82487622382863,7.05340747567283,28.452036346344,9.19043085551392,-27.51416770358,6.2671924810575,-9.35990073322262,-10.7422435919782,0.448640138997496,"India","South/Central Asia"
"1190733",7.82933795145926,-8.91979277658194,2.21540771983148,-11.7254194548454,-23.4326777304777,16.8667195141648,-1.55858148295107,-8.21760050916032,-15.9161376029441,-5.76003402638852,"Iran","South/Central Asia"
"1190734",28.8325062519102,-7.86202460957276,19.4941264218757,1.11609165110209,2.54665015688144,-4.18123314385821,-8.93803986462352,1.23779814838954,-5.7051235375365,-1.31067481301624,"USSR","Eurasia"
"1190735",-11.1928614842664,-8.43857109645834,1.53282705345391,21.6371480979111,-14.4918808484344,-7.7722626876565,-18.5222261068451,-25.2279934548068,13.1629939864776,15.9458007690588,"Algeria","Other/Unknown"
"1190736",-29.4194352645058,-8.37410483458304,24.3728372098774,33.4059929430568,-10.6139404094041,-19.6619918079851,4.37958271608064,-6.26269955621884,-22.2171327509825,-4.16552983299881,"USSR","Eurasia"
"1190737",-7.84047334375707,-11.8345585971206,-0.655023025883293,1.14834065471195,10.8522474888827,8.55479766213655,3.4984551479879,-2.55359648113664,-4.9030041694205,2.24072455835269,"Italy","Western/Southern Europe"
"1190738",3.97136916937057,-33.4995865849352,-15.2297376902917,-11.6066086598138,-5.57719445578157,2.17048273820566,-0.204172427434646,-2.48359796357258,-1.05308173676066,4.16476353666641,"USSR","Eurasia"
"1190739",-2.57383600929543,-41.0509648934636,-15.3701199233065,-5.5922127756487,3.74186359660953,3.39829211439007,-1.75000993559649,-6.4678255167081,-2.72807976041094,9.81682695572608,"India","South/Central Asia"
"1190740",-7.84857768722242,-53.4019899713486,-13.7274625394831,1.79616170672724,6.89664321770811,-2.21558209994187,-2.91225134171713,-2.47083861378261,2.93932306925217,-1.45317043072761,"USSR","Eurasia"
"1190741",-27.5350891668825,33.8681466632625,-34.9635592516378,-2.06788841414128,-7.374209531051,-15.0274250701639,7.89404402958452,-5.09213699707668,1.54633075739595,-13.077865326277,"Afghanistan","South/Central Asia"
"1190742",-29.3189574734357,34.5517518283158,-35.5307817256664,-2.35380511353332,-6.98010295147019,-16.3449891063611,8.50506874152076,-4.93542165900258,2.37280709462797,-13.3373748119855,"Algeria","Other/Unknown"
"1190743",12.0751983213746,10.4999444165615,11.5822200788772,-8.36676438034743,-10.0802341096444,12.0637541923492,12.9074193668956,-7.8663012674106,-0.548726544718141,-0.76558728420823,"USSR","Eurasia"
"1190744",-7.10413754335125,-54.105474914411,-10.0410910788144,-5.40253714230334,11.6646214617909,1.89370723111333,-8.71262811355925,0.588003662582695,11.0045056494327,-4.61679691093923,"India","South/Central Asia"
"1190745",42.5755044558666,-7.72598586069344,-10.714568035656,-15.6981359060963,-41.2986318923021,19.4742443998862,1.47456881354469,-7.39795892717594,-19.3617156766211,1.67800859205282,"USSR","Eurasia"
"1190746",43.0048899155418,-5.98064305888206,-8.51683112140921,-15.5529048788459,-41.2537525245609,18.5779469993638,4.0324647750924,-7.00203025235054,-20.4285043509809,0.358791051519705,"USSR","Eurasia"
"1190747",43.420179315713,-10.5874350854656,-6.9873068967573,-19.660723724352,-43.3853354333161,21.4689484079096,10.8371374671603,-4.7576791834864,-14.9511983464496,1.32761970803872,"Ethiopia","Other/Unknown"
"1190748",42.4111146588292,-10.4059249793881,-6.74232784014141,-19.153237052681,-43.090419904816,20.8325963721639,9.93084711376284,-5.36358298642595,-15.2444642321915,1.30559243652686,"USSR","Eurasia"
"1190749",24.8636641081272,-24.3388150672881,-7.73003393387725,-7.70388061414552,-23.5103783988479,20.7982222785159,-1.80817632649185,-4.08838223116194,-11.8409045225273,4.81879403589324,"USSR","Eurasia"
"1190750",-10.0981395610352,-51.9959131034213,-10.9355793092851,-0.293267064217471,11.6690862897628,1.24007328731549,-1.08684026926989,4.83839364551263,11.5166635445542,-10.043520978479,"USSR","Eurasia"
"1190751",-9.82776465423296,-51.2553142449365,-10.616110832273,-0.268438681984118,11.4970963197911,1.31654462122558,-0.842875809491924,4.61451302607517,11.1329278492573,-9.89246506527144,"USSR","Eurasia"
"1190752",37.8145318049896,-7.74500918139371,-12.0819020646276,-18.5859459153045,-23.9220149360253,11.2522854492959,13.6050008039589,-2.69319379416485,-8.30033568199832,5.62136866569219,"USSR","Eurasia"
"1190753",-9.77119475743845,-51.8413461051548,-7.24970801317239,-5.63962447368946,13.2597897750325,-0.936477856296906,-6.78951956102272,-4.47010950887214,15.1435277086304,-2.55110224762294,"USSR","Eurasia"
"1190754",-7.73576096534597,-52.8184413453819,-9.88873290901772,-5.89206109001479,14.6845054585447,1.75112389353687,-9.70567598983517,2.65597233146291,11.8579147522221,-2.8874915018049,"USSR","Eurasia"
"1190755",-6.0787959034115,-56.0856733594035,-8.1884397899931,-12.0984047460593,13.461638969969,-3.01285852307421,-9.66115622385123,-3.23676709948635,16.1212703743827,-0.147322345446509,"USSR","Eurasia"
"1190756",-27.2618470643443,-7.44341806286518,38.9523000237517,16.0334601317328,8.0524690019099,0.84491294133909,24.0269490347578,-0.306070468414156,-16.028196691852,-13.4133656288389,"Italy","Western/Southern Europe"
"1190757",-18.6858919452057,-9.77501741072785,6.74594966509385,25.8959056094523,-8.82713688288551,11.0923742168993,9.4383468680937,5.51175298438427,-9.58903643275349,-5.82188477519669,"Italy","Western/Southern Europe"
"1190758",-28.7267901772042,11.9454576702823,31.0710897146209,-16.3193265869131,8.95940675365855,6.45294766644478,-4.36451402273278,-4.35957648792663,-0.211659474361319,-8.51998931944823,"Italy","Western/Southern Europe"
"1190759",-27.6869645072224,10.9555857655857,29.7993008519386,-14.9291244077932,8.84385452912908,6.60415416638839,-4.49535833562846,-4.48780144480912,-0.980039815077694,-7.7708496437418,"USSR","Eurasia"
"1190760",44.2057767148016,-8.12026516079742,-6.66000656378132,-14.7670285346592,-39.311999808703,23.1221362929449,7.81690043857826,-5.45668628287445,-12.0304700273562,3.76239122932228,"USSR","Eurasia"
"1190761",42.4840197345833,-7.60131981393577,-5.14680336641616,-13.3045578366788,-37.3118245606773,22.676781260913,7.24063051466194,-4.80338979284926,-12.632564064528,3.04259498667583,"USSR","Eurasia"
"1190762",24.1716877976674,-5.04686964012669,-7.0807973381785,-13.4976251251159,-24.5504570943022,10.2417265554154,9.0518739459533,2.49396518394453,-6.45125199811574,4.77054956417688,"Algeria","Other/Unknown"
"1190763",-28.3814708692768,-8.69456260803172,20.5973679614036,33.0280168574108,-15.5117165772911,-11.3939304209155,5.66913253092031,1.42294287373767,-14.3475934106742,-10.5603552441625,"India","South/Central Asia"
"1190764",-8.08777712157943,-31.0261061377772,-5.30644305584187,-1.24052193971262,1.5121329036014,0.42151568619176,-2.85257690855791,3.10767641077789,11.8390057493824,4.80599586204032,"India","South/Central Asia"
"1190765",-8.68614556522609,-31.1716002657848,-5.06466029403567,-1.25750854656335,1.69737249728085,0.437861283526489,-2.92232108770203,3.04799309420509,12.5207108413845,5.47502114733357,"USSR","Eurasia"
"1190766",-7.03299797671459,-55.4171490924916,-10.48064311953,-6.20299577654442,12.2318767917804,2.11113659257042,-8.82228418586467,0.771986030470211,11.7039276643279,-4.95818248761835,"Algeria","Other/Unknown"
"1190767",69.4674433995414,10.777918897043,12.8420329730263,-5.43547439802711,-9.15210686332957,-7.1769156726068,-4.61112435058814,-11.7968028158082,-1.44435296144575,-13.7569116414186,"USSR","Eurasia"
"1190768",47.966904208282,8.98553632716178,1.82033107458331,-0.104623818515978,-7.51084546893791,6.7853322419802,-8.20223497082636,-9.43587176719597,-4.87906717344033,-10.3419318488503,"India","South/Central Asia"
"1190769",27.8323121838016,17.0996589673573,11.278167543485,-5.02147575926069,1.16759001709225,8.50592565335043,1.97028831332985,-5.88762264074948,-3.48488318569144,1.10495645366263,"Algeria","Other/Unknown"
"1190770",-23.2489352916378,18.6922806381942,-0.275284754795726,-4.36663122105778,10.0219659779416,7.32047856067336,4.71893011229568,-10.0070406812139,-0.609840128597775,15.6837318361928,"USSR","Eurasia"
"1190771",5.74188847490051,-27.0731646788995,-19.1615530147475,3.55782244174473,-2.05637411434893,19.8975288486512,-7.68084516393644,-4.07051256953605,-20.9383218411016,0.271969848566436,"USSR","Eurasia"
"1190772",9.88037198133605,-25.6736534655549,-12.1215709311708,-5.93431965849832,-5.93075639637969,0.0189794632350162,6.97924980442156,2.3845787794349,2.56740173707634,5.16064467360186,"USSR","Eurasia"
"1190773",58.8254161698847,4.05264588945259,0.749804361044767,-11.3083037887477,-21.0282608280619,1.20191557167742,-0.700962135022922,-5.90573244963429,-1.90922554137645,-6.98405541377006,"USSR","Eurasia"
"1190774",30.6783757102523,2.27348356457476,-11.1164076583817,-18.2199368905328,-25.7472726985837,14.6843806408248,2.79288456653574,3.84637360210792,-16.7978738278017,4.57594962370986,"Ethiopia","Other/Unknown"
"1190775",44.9760629157729,-8.47638985107781,-9.00250142435359,-22.5208698383747,-44.2935958246657,19.9349571325665,13.68184594293,-7.80939056916157,-17.8518081415351,5.79544947461231,"USSR","Eurasia"
"1190776",5.7539909678059,-27.3740063715381,-19.2859019606837,3.06008698741296,-2.18462037215456,19.4504471781642,-7.93001044389327,-3.92274746114266,-21.0118887655447,0.426440900300509,"USSR","Eurasia"
"1190777",5.47906633459103,-27.7794432576222,-19.2738133542371,3.27025084584135,-2.21078793626694,19.7311619948633,-8.09885147728287,-4.32338004966971,-21.1268178163984,0.498986477353471,"Finland","Other/Unknown"
"1190778",-14.6081099525609,-2.10223989118547,-14.2867373034745,-1.29037000144476,-2.06944125942968,-8.53175256238284,8.73171168037276,9.43615665450501,-2.69071892075683,-0.0845463893408482,"Italy","Western/Southern Europe"
"1190779",-10.3166533605396,-59.6504484066258,-9.84720087888292,-2.57509790824302,14.2489880366689,-0.816721358675228,-9.357309354419,4.06861909197148,9.93615721331636,-8.94341314178667,"USSR","Eurasia"
"1190780",44.3912965314556,-8.71245069020794,-8.37390027001007,-21.4615459424776,-42.6709636297396,19.9439058250501,12.8557121188163,-6.80153780228456,-18.3865090963897,5.13103210340685,"USSR","Eurasia"
"1190781",-10.4560049165241,-54.5497142697769,-10.4990723645932,-3.22772910342807,9.46757580699057,-2.21933867442562,-6.98269613986912,-0.363420643207046,11.9344680902238,-1.64427838500076,"USSR","Eurasia"
"1190782",-9.91347971048354,-53.8140769197437,2.60055340397528,-11.512477807877,11.0921631065884,-1.45975875886543,-12.2280226801034,8.96220523914747,6.96022455512757,-16.2917711952783,"USSR","Eurasia"
"1190783",43.545217437124,-8.02424285451841,-7.82806064530065,-21.3142612435688,-43.1964541137498,20.1478963824953,13.3066653304346,-7.3898216268565,-18.4707811977208,5.69566951739379,"USSR","Eurasia"
"1190784",2.73011821121367,8.2508015283332,11.8214331723316,22.760123771929,4.59035484431585,15.7497269684396,13.7735520586917,7.03975338054982,6.50946861330267,10.2078722507912,"Italy","Western/Southern Europe"
"1190786",47.1989010545906,-4.19072295830546,-9.9477066167323,-14.2727653488787,-41.1203127376571,20.5266256804608,2.97652862412911,-7.58853948725082,-18.9943675431382,2.53537143693276,"USSR","Eurasia"
"1190787",22.3823215786634,-15.4396689957123,-14.4317373866865,-11.9772949102689,-15.3590398699948,15.0970021611234,11.975502037093,-12.2639410557708,-18.4245392296156,5.33402289082285,"USSR","Eurasia"
"1190788",43.5980982237016,-8.55962091143658,-12.7534076860794,-18.0281121529655,-40.5412896124387,21.9931444832715,6.77048333450455,-6.4092851102114,-23.4991334608128,0.281422003193282,"USSR","Eurasia"
"1190789",47.8699881519116,-1.68735006522061,3.14439903245892,-5.7245267409376,-21.0822454578436,15.9771372115347,-1.29623028733179,-11.0553557894943,-12.9286416532182,-2.57561003099215,"USSR","Eurasia"
"1190790",41.0590947492626,-3.84025038780501,1.26220226428486,-5.33085960355232,-20.4168410445187,14.7467224669112,1.93342514191949,-10.2425188159451,-10.1095447442356,-3.1264106045787,"USSR","Eurasia"
"1190792",46.6619953816303,-3.0614958015189,-2.46247904135406,-7.97283165020799,-26.4346503014227,17.6075409328463,-0.106110155409498,-14.7701782025872,-19.9584167181383,-1.78186549425838,"USSR","Eurasia"
"1190793",44.6035955547148,-8.3634049244473,-12.7007088564842,-18.0310485735054,-41.2447740215864,22.904950791029,6.80189571656605,-5.85215832423395,-23.7568935981537,0.858442973145851,"USSR","Eurasia"
"1190794",12.4402386166837,-15.7189828043607,-18.0985380818635,-9.79896574629874,-12.609284029301,14.2082602585828,8.11540885173915,-3.70471610035218,-3.74171547356885,10.3348513026377,"USSR","Eurasia"
"1190795",2.5583874120531,-36.3350043106913,-13.0706031292961,-8.70945889567526,-7.0283041242172,3.58286932178485,-1.74635668307711,1.65959251912735,11.2496168289584,0.130727083604399,"USSR","Eurasia"
"1190796",-0.329665713905312,-41.4029145143938,-10.6105443111395,-4.98720668803065,6.03599816186793,3.01151310650815,-1.64744966422453,-3.29518586216714,4.33585078001103,2.08596996137284,"USSR","Eurasia"
"1190797",26.9798632464308,-3.1033507838622,-5.17894688377967,-19.3176582608152,-32.6762658944406,25.1070856727675,5.05004350529792,0.559785482394601,-24.9013456976333,3.03697615879637,"USSR","Eurasia"
"1190798",26.428447190344,-2.8413208203978,-5.43825705973939,-19.9349116794925,-32.3691210370297,25.0913981745069,5.22118806785443,0.247752375744984,-24.6858340475077,3.65992538523578,"USSR","Eurasia"
"1190799",-22.5168051330809,-9.5291282968056,16.2121669237904,14.9901009805906,6.69111316616526,1.4687633709799,8.53328353881933,-13.109761462896,-4.08150813619219,0.257219660220377,"USSR","Eurasia"
"1190800",-4.55489301211989,-54.4353797086124,-9.47739633613625,-6.68912052829769,9.51996795290456,-4.17955053184076,-8.3348996945614,0.390388621684785,1.41358006747153,2.16690361761063,"USSR","Eurasia"
"1190801",-4.88980731684614,-56.0272425888534,-10.4746172024135,-7.09087336828037,9.36776608174404,-4.90627662846393,-8.55596991624685,0.207750132055687,2.1560083088345,2.27030294476595,"USSR","Eurasia"
"1190802",20.8302544084013,-22.5643634542408,-7.51817611050602,-9.00966757701891,-15.6084503267208,11.2844164642255,1.2004441695797,-0.27652081965526,-2.86376405774459,-9.63247525306142,"USSR","Eurasia"
"1190803",44.9559181443668,7.15896146059832,-2.25265922968781,-11.5339139210415,-23.2934128088803,-0.198887123920266,2.05893849151073,2.20930496728597,-0.0444214257244119,-1.34187823146251,"India","South/Central Asia"
"1190804",-6.99413188069776,-3.10739847906488,4.96852697807191,8.4359488659187,-7.71126580509516,-2.27846733296416,8.51686680558958,-3.59448972513067,-0.875150847356005,-0.0659466534008397,"USSR","Eurasia"
"1190805",63.3476005034067,11.2536425121652,12.0267510305546,-0.396156774344555,3.2930806278616,-12.495328885816,-1.32360311378763,-10.6335901617988,2.58558223786823,-11.6205074500752,"USSR","Eurasia"
"1190806",63.8243431100016,11.3237904636888,11.7739854563079,-0.591917621258282,3.22665907081471,-12.8472911408624,-0.897289567198438,-10.8537487110958,3.30525045855066,-11.4431381848794,"Italy","Western/Southern Europe"
"1190807",37.7724795114504,-2.70546703425948,-8.25911150264109,-15.1955613845709,-34.7757857276247,11.0559119453888,4.38634373905648,2.77397299944731,-11.428300692964,0.795881240951823,"USSR","Eurasia"
"1190808",41.9581997615424,-2.77391385950726,-10.835659949098,-18.5658785049251,-39.6425068981791,11.6468366837826,5.62750526286262,2.81119390883377,-10.8777125201271,1.71672055004104,"USSR","Eurasia"
"1190809",60.4908156856778,4.2263239811876,12.2596396962819,-5.78091791715958,-5.00225567817437,-13.2136205319665,-0.0217000968467194,-11.1731562150502,2.34269649495212,-13.5342275416511,"USSR","Eurasia"
"1190810",63.1508610695303,4.28352027226278,12.4081703017905,-6.17988287310204,-5.41961638058082,-13.8937997221978,-0.398422684476073,-11.8252911768512,2.79083358817903,-13.9736270601072,"USSR","Eurasia"
"1190811",39.26318947465,0.908131131900371,4.38822491699042,18.7886094434089,4.99367231816482,9.23192834862315,17.0746670730944,13.1280203979211,5.97501985403388,8.25722206956062,"Tunisia","North Africa"
"1190812",71.3654191468858,16.9047058604187,13.4475255784726,15.9026372987233,14.2910538970822,8.36710389743647,6.95608103526974,25.5400685163291,21.7331646859477,20.934982080719,"China","East Asia"
"1190813",42.6993911715921,3.94546313949689,2.00627321243634,12.7701375521809,15.0591164348235,2.78399743129174,1.47601668349208,-1.54721763017166,-0.097292686742205,1.11946805431346,"India","South/Central Asia"
"1190814",-0.16047975953781,34.5169695408606,-8.51923059428137,3.8408712521033,8.66198006410569,4.50588624716479,-6.39511741675597,2.46019475932126,-6.48928846545571,6.47017039814062,"Tunisia","North Africa"
"1190815",64.6606773944156,10.0476026854111,10.6621109261498,-3.01128330405041,-4.64027411798865,-11.7792745562167,2.97870472714113,-4.35274072675022,2.79508704269472,-15.4813308275172,"","Other/Unknown"
"1190816",42.3270836745995,5.81578922552118,19.6283204688695,11.7497709609397,0.698501915804311,-2.50007953671813,1.67678268012224,13.3439014138375,2.58388395428836,-6.27054651246499,"Italy","Western/Southern Europe"
"1190817",0.088364079389136,-3.32106662588149,15.2295262839815,-14.6955006817985,-6.52174351731018,4.28289197096893,-0.357771143884493,-0.284686507849425,-1.38201940581796,-7.3285050855005,"China","East Asia"
"1190818",17.0773840506637,0.89604996393222,23.0989209856665,27.4040428777118,2.51588618312586,7.36656514359725,15.000843056246,24.3028577350761,-5.85849712538867,6.60456336882627,"China","East Asia"
"1190819",12.6358990349813,-8.72776919878275,8.89199417951336,42.2431043532964,6.97082169328374,12.1577073095694,26.994382044385,18.3879954980487,7.89141969943841,6.71650147893781,"China","East Asia"
"1190820",62.9124099925061,15.093899519826,8.48086195385,13.7085367840127,10.8710991079971,8.45658041795266,6.43940971533952,24.3357890645278,21.3275909917163,18.1847889770019,"China","East Asia"
"1190821",-3.04958906958383,-44.3533822103632,-25.6617709551481,-3.69757512609482,15.9664561288599,8.28058117101669,8.58599160956311,-22.3826159238628,-20.6710640594794,17.6312184782042,"China","East Asia"
"1190822",-2.58612329466839,-43.5192225804758,-24.7807038877113,-3.13305036760424,15.7779430174428,8.30351970815112,8.60590073742508,-21.889894427871,-20.4932281109331,17.4399162355091,"China","East Asia"
"1190823",38.9620056200956,0.385157641863334,11.3626613530306,5.21734810593313,2.81754837427987,9.37690680229015,8.38143992402496,24.3120543478318,10.6073902615378,6.81406029895461,"China","East Asia"
"1190824",26.2104972173003,-11.6385896966092,-1.66499656021846,-6.53989247943414,-6.78771187829815,-5.859016758985,3.71620058904496,18.7499830113793,8.76459019211387,11.097733964643,"China","East Asia"
"1190825",26.1550846345269,-12.4074013196953,-1.04337531791536,-5.8441266363872,-5.82506465639802,-5.77736387465824,3.68920089181374,18.6196112748514,9.22428314375481,11.2487609918182,"China","East Asia"
"1190826",25.909811226715,6.46791086263095,5.7438693835073,22.7078616853987,8.87019487322198,11.4949257155537,21.3578760722306,14.2149968412029,12.2933604988752,20.8183324687322,"China","East Asia"
"1190827",69.2043082373848,17.9040915340158,13.3373342723582,13.405780622681,14.1877100566707,8.93419932987365,7.02581053441256,24.6818486562839,22.3538066053169,22.2450001707582,"China","East Asia"
"1190828",70.0588169360516,17.3882392790808,13.1956214682382,13.8963050902273,13.7209643672168,8.45686829276886,7.01176343981443,24.7395136520983,24.1557825922656,23.3071151296642,"China","East Asia"
"1190829",69.2788045528887,17.6419538671832,13.3511996026128,13.7375924991677,13.7181891640624,8.54320277530076,6.90653151644984,24.6113713834572,23.5430234816999,22.9154478086392,"China","East Asia"
"1190903",25.4808246517136,1.08504855748348,7.45990320775598,-6.10614003946584,2.56351066652925,-9.46030095635725,7.36070044969229,-11.7888124052747,-4.39631965824247,-0.819910785947787,"India","South/Central Asia"
"1190904",-25.6363643729212,22.8658057762318,7.89072501530503,-8.552413134154,2.16343965832773,13.289021773301,-2.06544704685499,-7.06555372799982,3.59328288190113,4.44397158762557,"Spain","Western/Southern Europe"
"1190912",-36.939077347693,23.6062957346996,35.0510285803079,-16.8406169676665,5.57643737419697,18.6318732709012,5.24020186651297,-12.4995661230535,0.441938677682522,-10.5583610764612,"Hungary","Other/Unknown"
"W1190240",26.9235540466756,-9.99781755848607,-5.42109610490748,-8.57895013467876,-8.96830240632315,-8.96288947800957,6.51719978226951,6.00271254224621,3.51554854090172,5.84967018900545,NA,"Other/Unknown"
"W1190254",-29.6774108471956,26.3909065888881,16.3894197250841,-17.1433657130144,6.49667505585197,-27.6512368738667,-10.3624629165715,27.1811124227509,-24.2201908054937,16.8017428978514,NA,"Other/Unknown"
"W1190713",53.615198330483,3.27510932963077,-0.146982283780602,6.79675579630517,34.1847146094525,-28.1787748169556,-16.216784327519,-13.3605856245408,-18.5047457017618,8.39474775149851,NA,"Other/Unknown"
